image_id,cluster
3,cluster_LynxID2025_198
5,cluster_LynxID2025_150
12,cluster_LynxID2025_26
13,cluster_LynxID2025_66
18,cluster_LynxID2025_143
19,cluster_LynxID2025_42
27,cluster_LynxID2025_42
33,cluster_LynxID2025_116
36,cluster_LynxID2025_noise_36
45,cluster_LynxID2025_115
46,cluster_LynxID2025_84
47,cluster_LynxID2025_noise_47
48,cluster_LynxID2025_noise_48
49,cluster_LynxID2025_24
55,cluster_LynxID2025_noise_55
58,cluster_LynxID2025_0
61,cluster_LynxID2025_208
62,cluster_LynxID2025_105
63,cluster_LynxID2025_noise_63
64,cluster_LynxID2025_25
65,cluster_LynxID2025_126
67,cluster_LynxID2025_161
68,cluster_LynxID2025_noise_68
74,cluster_LynxID2025_159
81,cluster_LynxID2025_123
84,cluster_LynxID2025_198
85,cluster_LynxID2025_noise_85
86,cluster_LynxID2025_108
89,cluster_LynxID2025_146
90,cluster_LynxID2025_0
94,cluster_LynxID2025_48
97,cluster_LynxID2025_81
98,cluster_LynxID2025_171
106,cluster_LynxID2025_95
113,cluster_LynxID2025_204
123,cluster_LynxID2025_79
124,cluster_LynxID2025_48
126,cluster_LynxID2025_159
131,cluster_LynxID2025_noise_131
137,cluster_LynxID2025_174
139,cluster_LynxID2025_214
145,cluster_LynxID2025_170
150,cluster_LynxID2025_155
163,cluster_LynxID2025_68
166,cluster_LynxID2025_0
167,cluster_LynxID2025_62
168,cluster_LynxID2025_98
171,cluster_LynxID2025_209
173,cluster_LynxID2025_6
182,cluster_LynxID2025_168
183,cluster_LynxID2025_40
186,cluster_LynxID2025_66
188,cluster_LynxID2025_208
190,cluster_LynxID2025_199
192,cluster_LynxID2025_144
195,cluster_LynxID2025_noise_195
202,cluster_LynxID2025_4
203,cluster_LynxID2025_20
205,cluster_LynxID2025_23
209,cluster_LynxID2025_26
210,cluster_LynxID2025_174
213,cluster_LynxID2025_148
216,cluster_LynxID2025_noise_216
219,cluster_LynxID2025_47
221,cluster_LynxID2025_noise_221
228,cluster_LynxID2025_144
231,cluster_LynxID2025_134
240,cluster_LynxID2025_157
242,cluster_LynxID2025_10
245,cluster_LynxID2025_111
264,cluster_LynxID2025_41
266,cluster_LynxID2025_114
273,cluster_LynxID2025_noise_273
276,cluster_LynxID2025_215
280,cluster_LynxID2025_81
282,cluster_LynxID2025_67
286,cluster_LynxID2025_178
289,cluster_LynxID2025_25
293,cluster_LynxID2025_noise_293
294,cluster_LynxID2025_24
296,cluster_LynxID2025_207
311,cluster_LynxID2025_136
312,cluster_LynxID2025_128
315,cluster_LynxID2025_207
338,cluster_LynxID2025_noise_338
347,cluster_LynxID2025_7
357,cluster_LynxID2025_30
359,cluster_LynxID2025_133
361,cluster_LynxID2025_61
366,cluster_LynxID2025_0
368,cluster_LynxID2025_51
373,cluster_LynxID2025_165
375,cluster_LynxID2025_105
378,cluster_LynxID2025_125
380,cluster_LynxID2025_109
397,cluster_LynxID2025_78
411,cluster_LynxID2025_173
415,cluster_LynxID2025_106
422,cluster_LynxID2025_162
423,cluster_LynxID2025_84
424,cluster_LynxID2025_noise_424
427,cluster_LynxID2025_11
429,cluster_LynxID2025_11
431,cluster_LynxID2025_noise_431
432,cluster_LynxID2025_noise_432
437,cluster_LynxID2025_noise_437
439,cluster_LynxID2025_39
443,cluster_LynxID2025_41
454,cluster_LynxID2025_noise_454
459,cluster_LynxID2025_131
465,cluster_LynxID2025_53
469,cluster_LynxID2025_29
470,cluster_LynxID2025_101
474,cluster_LynxID2025_133
475,cluster_LynxID2025_105
478,cluster_LynxID2025_137
479,cluster_LynxID2025_27
480,cluster_LynxID2025_122
481,cluster_LynxID2025_185
482,cluster_LynxID2025_141
491,cluster_LynxID2025_196
494,cluster_LynxID2025_28
500,cluster_LynxID2025_0
501,cluster_LynxID2025_196
507,cluster_LynxID2025_173
509,cluster_LynxID2025_noise_509
512,cluster_LynxID2025_1
515,cluster_LynxID2025_114
516,cluster_LynxID2025_16
519,cluster_LynxID2025_166
520,cluster_LynxID2025_17
522,cluster_LynxID2025_noise_522
524,cluster_LynxID2025_43
526,cluster_LynxID2025_47
530,cluster_LynxID2025_48
537,cluster_LynxID2025_59
544,cluster_LynxID2025_26
547,cluster_LynxID2025_180
549,cluster_LynxID2025_noise_549
551,cluster_LynxID2025_90
552,cluster_LynxID2025_82
555,cluster_LynxID2025_0
559,cluster_LynxID2025_17
562,cluster_LynxID2025_91
565,cluster_LynxID2025_99
567,cluster_LynxID2025_150
569,cluster_LynxID2025_164
570,cluster_LynxID2025_26
573,cluster_LynxID2025_70
577,cluster_LynxID2025_127
578,cluster_LynxID2025_noise_578
579,cluster_LynxID2025_92
580,cluster_LynxID2025_176
583,cluster_LynxID2025_145
584,cluster_LynxID2025_noise_584
588,cluster_LynxID2025_198
589,cluster_LynxID2025_215
591,cluster_LynxID2025_33
592,cluster_LynxID2025_119
594,cluster_LynxID2025_38
595,cluster_LynxID2025_157
599,cluster_LynxID2025_168
602,cluster_LynxID2025_161
603,cluster_LynxID2025_215
611,cluster_LynxID2025_23
620,cluster_LynxID2025_135
625,cluster_LynxID2025_125
626,cluster_LynxID2025_42
628,cluster_LynxID2025_155
630,cluster_LynxID2025_152
636,cluster_LynxID2025_207
643,cluster_LynxID2025_179
645,cluster_LynxID2025_26
648,cluster_LynxID2025_30
649,cluster_LynxID2025_216
651,cluster_LynxID2025_13
655,cluster_LynxID2025_noise_655
656,cluster_LynxID2025_46
662,cluster_LynxID2025_64
669,cluster_LynxID2025_noise_669
670,cluster_LynxID2025_0
672,cluster_LynxID2025_202
673,cluster_LynxID2025_141
676,cluster_LynxID2025_152
678,cluster_LynxID2025_100
683,cluster_LynxID2025_58
685,cluster_LynxID2025_171
690,cluster_LynxID2025_noise_690
694,cluster_LynxID2025_53
699,cluster_LynxID2025_71
704,cluster_LynxID2025_79
707,cluster_LynxID2025_187
711,cluster_LynxID2025_215
712,cluster_LynxID2025_40
713,cluster_LynxID2025_20
715,cluster_LynxID2025_120
719,cluster_LynxID2025_noise_719
722,cluster_LynxID2025_65
724,cluster_LynxID2025_noise_724
726,cluster_LynxID2025_8
730,cluster_LynxID2025_noise_730
734,cluster_LynxID2025_43
735,cluster_LynxID2025_202
738,cluster_LynxID2025_75
739,cluster_LynxID2025_150
741,cluster_LynxID2025_18
749,cluster_LynxID2025_48
750,cluster_LynxID2025_noise_750
751,cluster_LynxID2025_14
753,cluster_LynxID2025_98
760,cluster_LynxID2025_83
761,cluster_LynxID2025_36
764,cluster_LynxID2025_14
766,cluster_LynxID2025_169
770,cluster_LynxID2025_noise_770
776,cluster_LynxID2025_148
781,cluster_LynxID2025_161
782,cluster_LynxID2025_38
784,cluster_LynxID2025_170
786,cluster_LynxID2025_188
787,cluster_LynxID2025_151
790,cluster_LynxID2025_76
791,cluster_LynxID2025_30
793,cluster_LynxID2025_190
794,cluster_LynxID2025_187
795,cluster_LynxID2025_187
797,cluster_LynxID2025_noise_797
798,cluster_LynxID2025_134
800,cluster_LynxID2025_17
804,cluster_LynxID2025_20
808,cluster_LynxID2025_63
817,cluster_LynxID2025_175
819,cluster_LynxID2025_178
824,cluster_LynxID2025_64
840,cluster_LynxID2025_noise_840
849,cluster_LynxID2025_43
855,cluster_LynxID2025_noise_855
859,cluster_LynxID2025_102
865,cluster_LynxID2025_116
871,cluster_LynxID2025_192
872,cluster_LynxID2025_51
874,cluster_LynxID2025_11
881,cluster_LynxID2025_146
886,cluster_LynxID2025_170
887,cluster_LynxID2025_noise_887
893,cluster_LynxID2025_28
897,cluster_LynxID2025_96
904,cluster_LynxID2025_73
907,cluster_LynxID2025_noise_907
915,cluster_LynxID2025_97
917,cluster_LynxID2025_noise_917
920,cluster_LynxID2025_211
939,cluster_LynxID2025_163
941,cluster_LynxID2025_noise_941
945,cluster_LynxID2025_26
951,cluster_LynxID2025_136
962,cluster_LynxID2025_41
963,cluster_LynxID2025_161
964,cluster_LynxID2025_noise_964
969,cluster_LynxID2025_48
980,cluster_LynxID2025_67
983,cluster_LynxID2025_215
985,cluster_LynxID2025_28
990,cluster_LynxID2025_94
991,cluster_LynxID2025_11
992,cluster_LynxID2025_0
994,cluster_LynxID2025_198
995,cluster_LynxID2025_noise_995
1000,cluster_LynxID2025_85
1001,cluster_LynxID2025_81
1005,cluster_LynxID2025_196
1006,cluster_LynxID2025_0
1008,cluster_LynxID2025_80
1011,cluster_LynxID2025_171
1012,cluster_LynxID2025_noise_1012
1013,cluster_LynxID2025_121
1019,cluster_LynxID2025_64
1021,cluster_LynxID2025_180
1031,cluster_LynxID2025_55
1034,cluster_LynxID2025_152
1039,cluster_LynxID2025_124
1042,cluster_LynxID2025_25
1045,cluster_LynxID2025_11
1046,cluster_LynxID2025_noise_1046
1047,cluster_LynxID2025_161
1048,cluster_LynxID2025_161
1053,cluster_LynxID2025_48
1055,cluster_LynxID2025_noise_1055
1057,cluster_LynxID2025_91
1060,cluster_LynxID2025_noise_1060
1064,cluster_LynxID2025_97
1065,cluster_LynxID2025_noise_1065
1068,cluster_LynxID2025_186
1069,cluster_LynxID2025_166
1071,cluster_LynxID2025_190
1075,cluster_LynxID2025_161
1089,cluster_LynxID2025_181
1090,cluster_LynxID2025_151
1094,cluster_LynxID2025_60
1095,cluster_LynxID2025_197
1096,cluster_LynxID2025_123
1107,cluster_LynxID2025_105
1108,cluster_LynxID2025_142
1111,cluster_LynxID2025_75
1115,cluster_LynxID2025_110
1119,cluster_LynxID2025_noise_1119
1120,cluster_LynxID2025_119
1122,cluster_LynxID2025_76
1131,cluster_LynxID2025_134
1135,cluster_LynxID2025_35
1137,cluster_LynxID2025_23
1139,cluster_LynxID2025_89
1143,cluster_LynxID2025_noise_1143
1147,cluster_LynxID2025_205
1153,cluster_LynxID2025_121
1154,cluster_LynxID2025_162
1162,cluster_LynxID2025_122
1163,cluster_LynxID2025_18
1164,cluster_LynxID2025_noise_1164
1175,cluster_LynxID2025_145
1182,cluster_LynxID2025_86
1191,cluster_LynxID2025_114
1192,cluster_LynxID2025_102
1197,cluster_LynxID2025_64
1198,cluster_LynxID2025_37
1203,cluster_LynxID2025_135
1205,cluster_LynxID2025_61
1207,cluster_LynxID2025_69
1209,cluster_LynxID2025_68
1211,cluster_LynxID2025_204
1213,cluster_LynxID2025_61
1214,cluster_LynxID2025_17
1221,cluster_LynxID2025_noise_1221
1223,cluster_LynxID2025_35
1225,cluster_LynxID2025_72
1232,cluster_LynxID2025_72
1233,cluster_LynxID2025_13
1234,cluster_LynxID2025_7
1235,cluster_LynxID2025_52
1237,cluster_LynxID2025_noise_1237
1245,cluster_LynxID2025_27
1247,cluster_LynxID2025_17
1248,cluster_LynxID2025_4
1249,cluster_LynxID2025_156
1255,cluster_LynxID2025_noise_1255
1259,cluster_LynxID2025_102
1264,cluster_LynxID2025_116
1266,cluster_LynxID2025_25
1267,cluster_LynxID2025_131
1270,cluster_LynxID2025_177
1271,cluster_LynxID2025_156
1277,cluster_LynxID2025_48
1278,cluster_LynxID2025_noise_1278
1280,cluster_LynxID2025_178
1288,cluster_LynxID2025_190
1297,cluster_LynxID2025_199
1309,cluster_LynxID2025_114
1311,cluster_LynxID2025_60
1313,cluster_LynxID2025_1
1318,cluster_LynxID2025_noise_1318
1322,cluster_LynxID2025_213
1325,cluster_LynxID2025_178
1330,cluster_LynxID2025_35
1335,cluster_LynxID2025_noise_1335
1343,cluster_LynxID2025_138
1345,cluster_LynxID2025_107
1349,cluster_LynxID2025_noise_1349
1351,cluster_LynxID2025_noise_1351
1353,cluster_LynxID2025_142
1363,cluster_LynxID2025_66
1367,cluster_LynxID2025_212
1368,cluster_LynxID2025_153
1370,cluster_LynxID2025_198
1371,cluster_LynxID2025_30
1375,cluster_LynxID2025_23
1385,cluster_LynxID2025_noise_1385
1388,cluster_LynxID2025_127
1392,cluster_LynxID2025_181
1394,cluster_LynxID2025_122
1399,cluster_LynxID2025_77
1403,cluster_LynxID2025_199
1406,cluster_LynxID2025_167
1410,cluster_LynxID2025_56
1413,cluster_LynxID2025_206
1416,cluster_LynxID2025_noise_1416
1421,cluster_LynxID2025_211
1425,cluster_LynxID2025_196
1427,cluster_LynxID2025_noise_1427
1428,cluster_LynxID2025_130
1431,cluster_LynxID2025_190
1432,cluster_LynxID2025_172
1433,cluster_LynxID2025_26
1439,cluster_LynxID2025_108
1441,cluster_LynxID2025_50
1444,cluster_LynxID2025_32
1447,cluster_LynxID2025_129
1453,cluster_LynxID2025_noise_1453
1454,cluster_LynxID2025_82
1455,cluster_LynxID2025_148
1457,cluster_LynxID2025_62
1465,cluster_LynxID2025_102
1466,cluster_LynxID2025_25
1474,cluster_LynxID2025_64
1475,cluster_LynxID2025_3
1491,cluster_LynxID2025_45
1492,cluster_LynxID2025_noise_1492
1493,cluster_LynxID2025_noise_1493
1494,cluster_LynxID2025_64
1504,cluster_LynxID2025_93
1509,cluster_LynxID2025_216
1513,cluster_LynxID2025_25
1525,cluster_LynxID2025_noise_1525
1526,cluster_LynxID2025_noise_1526
1527,cluster_LynxID2025_112
1538,cluster_LynxID2025_103
1539,cluster_LynxID2025_25
1541,cluster_LynxID2025_26
1545,cluster_LynxID2025_188
1546,cluster_LynxID2025_129
1547,cluster_LynxID2025_199
1550,cluster_LynxID2025_71
1557,cluster_LynxID2025_17
1559,cluster_LynxID2025_10
1566,cluster_LynxID2025_66
1573,cluster_LynxID2025_noise_1573
1574,cluster_LynxID2025_59
1575,cluster_LynxID2025_87
1578,cluster_LynxID2025_186
1580,cluster_LynxID2025_104
1583,cluster_LynxID2025_12
1585,cluster_LynxID2025_115
1586,cluster_LynxID2025_116
1588,cluster_LynxID2025_86
1592,cluster_LynxID2025_71
1594,cluster_LynxID2025_43
1596,cluster_LynxID2025_noise_1596
1600,cluster_LynxID2025_152
1607,cluster_LynxID2025_61
1610,cluster_LynxID2025_noise_1610
1612,cluster_LynxID2025_204
1615,cluster_LynxID2025_32
1616,cluster_LynxID2025_203
1619,cluster_LynxID2025_171
1621,cluster_LynxID2025_12
1625,cluster_LynxID2025_15
1628,cluster_LynxID2025_184
1631,cluster_LynxID2025_84
1632,cluster_LynxID2025_21
1641,cluster_LynxID2025_noise_1641
1643,cluster_LynxID2025_180
1651,cluster_LynxID2025_noise_1651
1652,cluster_LynxID2025_196
1659,cluster_LynxID2025_206
1660,cluster_LynxID2025_87
1666,cluster_LynxID2025_noise_1666
1673,cluster_LynxID2025_82
1674,cluster_LynxID2025_9
1681,cluster_LynxID2025_172
1684,cluster_LynxID2025_65
1688,cluster_LynxID2025_142
1689,cluster_LynxID2025_171
1694,cluster_LynxID2025_181
1701,cluster_LynxID2025_101
1704,cluster_LynxID2025_169
1714,cluster_LynxID2025_noise_1714
1725,cluster_LynxID2025_193
1726,cluster_LynxID2025_113
1728,cluster_LynxID2025_114
1735,cluster_LynxID2025_60
1743,cluster_LynxID2025_192
1744,cluster_LynxID2025_41
1749,cluster_LynxID2025_196
1759,cluster_LynxID2025_215
1774,cluster_LynxID2025_161
1776,cluster_LynxID2025_0
1777,cluster_LynxID2025_212
1790,cluster_LynxID2025_121
1795,cluster_LynxID2025_80
1804,cluster_LynxID2025_106
1806,cluster_LynxID2025_132
1812,cluster_LynxID2025_noise_1812
1818,cluster_LynxID2025_212
1820,cluster_LynxID2025_7
1823,cluster_LynxID2025_noise_1823
1829,cluster_LynxID2025_178
1834,cluster_LynxID2025_68
1835,cluster_LynxID2025_26
1836,cluster_LynxID2025_198
1840,cluster_LynxID2025_34
1843,cluster_LynxID2025_noise_1843
1854,cluster_LynxID2025_114
1861,cluster_LynxID2025_206
1867,cluster_LynxID2025_198
1869,cluster_LynxID2025_164
1870,cluster_LynxID2025_noise_1870
1871,cluster_LynxID2025_187
1873,cluster_LynxID2025_43
1874,cluster_LynxID2025_3
1878,cluster_LynxID2025_27
1892,cluster_LynxID2025_31
1894,cluster_LynxID2025_166
1897,cluster_LynxID2025_104
1899,cluster_LynxID2025_noise_1899
1901,cluster_LynxID2025_noise_1901
1903,cluster_LynxID2025_38
1913,cluster_LynxID2025_46
1917,cluster_LynxID2025_158
1921,cluster_LynxID2025_43
1923,cluster_LynxID2025_56
1925,cluster_LynxID2025_127
1930,cluster_LynxID2025_161
1935,cluster_LynxID2025_161
1936,cluster_LynxID2025_160
1937,cluster_LynxID2025_noise_1937
1939,cluster_LynxID2025_noise_1939
1941,cluster_LynxID2025_noise_1941
1943,cluster_LynxID2025_noise_1943
1945,cluster_LynxID2025_noise_1945
1951,cluster_LynxID2025_182
1955,cluster_LynxID2025_166
1957,cluster_LynxID2025_72
1961,cluster_LynxID2025_noise_1961
1965,cluster_LynxID2025_3
1969,cluster_LynxID2025_104
1971,cluster_LynxID2025_214
1975,cluster_LynxID2025_noise_1975
1981,cluster_LynxID2025_0
1985,cluster_LynxID2025_108
1991,cluster_LynxID2025_43
2005,cluster_LynxID2025_184
2007,cluster_LynxID2025_48
2008,cluster_LynxID2025_24
2014,cluster_LynxID2025_162
2029,cluster_LynxID2025_111
2030,cluster_LynxID2025_71
2035,cluster_LynxID2025_51
2037,cluster_LynxID2025_37
2038,cluster_LynxID2025_44
2040,cluster_LynxID2025_noise_2040
2044,cluster_LynxID2025_noise_2044
2049,cluster_LynxID2025_89
2057,cluster_LynxID2025_noise_2057
2058,cluster_LynxID2025_25
2078,cluster_LynxID2025_165
2079,cluster_LynxID2025_183
2081,cluster_LynxID2025_noise_2081
2082,cluster_LynxID2025_noise_2082
2086,cluster_LynxID2025_114
2090,cluster_LynxID2025_noise_2090
2091,cluster_LynxID2025_26
2105,cluster_LynxID2025_193
2106,cluster_LynxID2025_184
2107,cluster_LynxID2025_142
2110,cluster_LynxID2025_noise_2110
2117,cluster_LynxID2025_130
2118,cluster_LynxID2025_64
2119,cluster_LynxID2025_127
2124,cluster_LynxID2025_139
2127,cluster_LynxID2025_noise_2127
2129,cluster_LynxID2025_55
2136,cluster_LynxID2025_96
2137,cluster_LynxID2025_30
2144,cluster_LynxID2025_147
2146,cluster_LynxID2025_26
2151,cluster_LynxID2025_noise_2151
2161,cluster_LynxID2025_7
2164,cluster_LynxID2025_78
2166,cluster_LynxID2025_201
2169,cluster_LynxID2025_110
2170,cluster_LynxID2025_0
2174,cluster_LynxID2025_26
2178,cluster_LynxID2025_199
2184,cluster_LynxID2025_50
2190,cluster_LynxID2025_noise_2190
2196,cluster_LynxID2025_95
2198,cluster_LynxID2025_87
2200,cluster_LynxID2025_noise_2200
2205,cluster_LynxID2025_125
2207,cluster_LynxID2025_180
2208,cluster_LynxID2025_62
2219,cluster_LynxID2025_143
2220,cluster_LynxID2025_212
2222,cluster_LynxID2025_noise_2222
2226,cluster_LynxID2025_113
2228,cluster_LynxID2025_182
2231,cluster_LynxID2025_2
2232,cluster_LynxID2025_noise_2232
2235,cluster_LynxID2025_107
2246,cluster_LynxID2025_215
2248,cluster_LynxID2025_121
2257,cluster_LynxID2025_83
2265,cluster_LynxID2025_64
2268,cluster_LynxID2025_noise_2268
2272,cluster_LynxID2025_22
2283,cluster_LynxID2025_98
2290,cluster_LynxID2025_184
2292,cluster_LynxID2025_109
2293,cluster_LynxID2025_87
2294,cluster_LynxID2025_190
2301,cluster_LynxID2025_54
2303,cluster_LynxID2025_153
2307,cluster_LynxID2025_192
2313,cluster_LynxID2025_163
2320,cluster_LynxID2025_171
2322,cluster_LynxID2025_99
2324,cluster_LynxID2025_152
2326,cluster_LynxID2025_211
2330,cluster_LynxID2025_noise_2330
2336,cluster_LynxID2025_58
2338,cluster_LynxID2025_32
2343,cluster_LynxID2025_156
2369,cluster_LynxID2025_104
2375,cluster_LynxID2025_144
2379,cluster_LynxID2025_36
2385,cluster_LynxID2025_noise_2385
2388,cluster_LynxID2025_117
2389,cluster_LynxID2025_33
2390,cluster_LynxID2025_60
2399,cluster_LynxID2025_0
2403,cluster_LynxID2025_100
2404,cluster_LynxID2025_35
2406,cluster_LynxID2025_noise_2406
2408,cluster_LynxID2025_71
2409,cluster_LynxID2025_171
2411,cluster_LynxID2025_160
2426,cluster_LynxID2025_127
2435,cluster_LynxID2025_49
2437,cluster_LynxID2025_92
2441,cluster_LynxID2025_163
2469,cluster_LynxID2025_162
2472,cluster_LynxID2025_161
2473,cluster_LynxID2025_112
2477,cluster_LynxID2025_53
2478,cluster_LynxID2025_44
2487,cluster_LynxID2025_93
2491,cluster_LynxID2025_45
2495,cluster_LynxID2025_191
2496,cluster_LynxID2025_noise_2496
2501,cluster_LynxID2025_26
2511,cluster_LynxID2025_noise_2511
2512,cluster_LynxID2025_3
2518,cluster_LynxID2025_174
2525,cluster_LynxID2025_43
2527,cluster_LynxID2025_176
2529,cluster_LynxID2025_149
2530,cluster_LynxID2025_210
2534,cluster_LynxID2025_57
2544,cluster_LynxID2025_noise_2544
2545,cluster_LynxID2025_208
2546,cluster_LynxID2025_141
2549,cluster_LynxID2025_noise_2549
2552,cluster_LynxID2025_162
2554,cluster_LynxID2025_58
2555,cluster_LynxID2025_22
2562,cluster_LynxID2025_64
2564,cluster_LynxID2025_171
2580,cluster_LynxID2025_198
2591,cluster_LynxID2025_noise_2591
2592,cluster_LynxID2025_217
2601,cluster_LynxID2025_213
2606,cluster_LynxID2025_152
2613,cluster_LynxID2025_157
2625,cluster_LynxID2025_54
2626,cluster_LynxID2025_43
2631,cluster_LynxID2025_189
2638,cluster_LynxID2025_50
2643,cluster_LynxID2025_140
2644,cluster_LynxID2025_191
2648,cluster_LynxID2025_179
2654,cluster_LynxID2025_noise_2654
2655,cluster_LynxID2025_198
2657,cluster_LynxID2025_205
2687,cluster_LynxID2025_26
2689,cluster_LynxID2025_noise_2689
2705,cluster_LynxID2025_161
2706,cluster_LynxID2025_213
2709,cluster_LynxID2025_207
2713,cluster_LynxID2025_148
2718,cluster_LynxID2025_177
2721,cluster_LynxID2025_66
2724,cluster_LynxID2025_180
2725,cluster_LynxID2025_15
2726,cluster_LynxID2025_142
2731,cluster_LynxID2025_124
2733,cluster_LynxID2025_2
2734,cluster_LynxID2025_129
2744,cluster_LynxID2025_noise_2744
2754,cluster_LynxID2025_noise_2754
2758,cluster_LynxID2025_147
2759,cluster_LynxID2025_97
2760,cluster_LynxID2025_noise_2760
2770,cluster_LynxID2025_noise_2770
2787,cluster_LynxID2025_166
2789,cluster_LynxID2025_noise_2789
2790,cluster_LynxID2025_noise_2790
2794,cluster_LynxID2025_151
2797,cluster_LynxID2025_193
2801,cluster_LynxID2025_139
2803,cluster_LynxID2025_132
2807,cluster_LynxID2025_6
2811,cluster_LynxID2025_161
2812,cluster_LynxID2025_41
2823,cluster_LynxID2025_8
2829,cluster_LynxID2025_189
2831,cluster_LynxID2025_noise_2831
2834,cluster_LynxID2025_178
2840,cluster_LynxID2025_150
2841,cluster_LynxID2025_180
2844,cluster_LynxID2025_noise_2844
2845,cluster_LynxID2025_71
2846,cluster_LynxID2025_177
2847,cluster_LynxID2025_187
2848,cluster_LynxID2025_57
2851,cluster_LynxID2025_0
2865,cluster_LynxID2025_74
2871,cluster_LynxID2025_215
2873,cluster_LynxID2025_159
2876,cluster_LynxID2025_26
2889,cluster_LynxID2025_noise_2889
2893,cluster_LynxID2025_noise_2893
2894,cluster_LynxID2025_90
2896,cluster_LynxID2025_0
2914,cluster_LynxID2025_39
2920,cluster_LynxID2025_175
2921,cluster_LynxID2025_167
2933,cluster_LynxID2025_85
2934,cluster_LynxID2025_135
2942,cluster_LynxID2025_71
2948,cluster_LynxID2025_109
2949,cluster_LynxID2025_noise_2949
2951,cluster_LynxID2025_146
2952,cluster_LynxID2025_102
2957,cluster_LynxID2025_88
2961,cluster_LynxID2025_78
2963,cluster_LynxID2025_199
2968,cluster_LynxID2025_34
2973,cluster_LynxID2025_2
2976,cluster_LynxID2025_187
2978,cluster_LynxID2025_85
2981,cluster_LynxID2025_noise_2981
2985,cluster_LynxID2025_161
2999,cluster_LynxID2025_72
3001,cluster_LynxID2025_140
3003,cluster_LynxID2025_26
3007,cluster_LynxID2025_198
3013,cluster_LynxID2025_26
3014,cluster_LynxID2025_29
3018,cluster_LynxID2025_105
3020,cluster_LynxID2025_2
3021,cluster_LynxID2025_187
3027,cluster_LynxID2025_158
3029,cluster_LynxID2025_200
3032,cluster_LynxID2025_132
3034,cluster_LynxID2025_101
3035,cluster_LynxID2025_149
3036,cluster_LynxID2025_2
3037,cluster_LynxID2025_200
3038,cluster_LynxID2025_101
3045,cluster_LynxID2025_152
3046,cluster_LynxID2025_19
3055,cluster_LynxID2025_0
3059,cluster_LynxID2025_4
3069,cluster_LynxID2025_80
3074,cluster_LynxID2025_97
3086,cluster_LynxID2025_133
3090,cluster_LynxID2025_noise_3090
3091,cluster_LynxID2025_115
3097,cluster_LynxID2025_noise_3097
3099,cluster_LynxID2025_5
3106,cluster_LynxID2025_190
3108,cluster_LynxID2025_161
3111,cluster_LynxID2025_0
3116,cluster_LynxID2025_120
3118,cluster_LynxID2025_182
3130,cluster_LynxID2025_26
3133,cluster_LynxID2025_24
3138,cluster_LynxID2025_0
3142,cluster_LynxID2025_noise_3142
3144,cluster_LynxID2025_195
3153,cluster_LynxID2025_42
3155,cluster_LynxID2025_noise_3155
3156,cluster_LynxID2025_noise_3156
3157,cluster_LynxID2025_43
3167,cluster_LynxID2025_79
3177,cluster_LynxID2025_210
3178,cluster_LynxID2025_21
3181,cluster_LynxID2025_noise_3181
3183,cluster_LynxID2025_73
3193,cluster_LynxID2025_19
3201,cluster_LynxID2025_209
3204,cluster_LynxID2025_noise_3204
3205,cluster_LynxID2025_100
3215,cluster_LynxID2025_217
3217,cluster_LynxID2025_26
3220,cluster_LynxID2025_noise_3220
3221,cluster_LynxID2025_152
3222,cluster_LynxID2025_180
3231,cluster_LynxID2025_2
3232,cluster_LynxID2025_9
3239,cluster_LynxID2025_51
3242,cluster_LynxID2025_92
3245,cluster_LynxID2025_108
3249,cluster_LynxID2025_136
3256,cluster_LynxID2025_78
3259,cluster_LynxID2025_noise_3259
3261,cluster_LynxID2025_171
3263,cluster_LynxID2025_152
3267,cluster_LynxID2025_77
3270,cluster_LynxID2025_197
3274,cluster_LynxID2025_64
3277,cluster_LynxID2025_161
3281,cluster_LynxID2025_31
3284,cluster_LynxID2025_noise_3284
3286,cluster_LynxID2025_142
3287,cluster_LynxID2025_noise_3287
3297,cluster_LynxID2025_noise_3297
3305,cluster_LynxID2025_49
3310,cluster_LynxID2025_103
3314,cluster_LynxID2025_71
3323,cluster_LynxID2025_64
3331,cluster_LynxID2025_171
3335,cluster_LynxID2025_215
3338,cluster_LynxID2025_48
3339,cluster_LynxID2025_183
3344,cluster_LynxID2025_108
3348,cluster_LynxID2025_53
3352,cluster_LynxID2025_noise_3352
3353,cluster_LynxID2025_178
3356,cluster_LynxID2025_noise_3356
3357,cluster_LynxID2025_198
3358,cluster_LynxID2025_185
3366,cluster_LynxID2025_168
3372,cluster_LynxID2025_142
3380,cluster_LynxID2025_88
3382,cluster_LynxID2025_194
3386,cluster_LynxID2025_50
3389,cluster_LynxID2025_5
3390,cluster_LynxID2025_94
3400,cluster_LynxID2025_noise_3400
3401,cluster_LynxID2025_noise_3401
3409,cluster_LynxID2025_217
3412,cluster_LynxID2025_154
3416,cluster_LynxID2025_16
3418,cluster_LynxID2025_0
3420,cluster_LynxID2025_118
3424,cluster_LynxID2025_165
3427,cluster_LynxID2025_57
3429,cluster_LynxID2025_152
3434,cluster_LynxID2025_175
3435,cluster_LynxID2025_102
3436,cluster_LynxID2025_88
3437,cluster_LynxID2025_43
3439,cluster_LynxID2025_noise_3439
3441,cluster_LynxID2025_21
3446,cluster_LynxID2025_noise_3446
3449,cluster_LynxID2025_26
3450,cluster_LynxID2025_127
3452,cluster_LynxID2025_180
3469,cluster_LynxID2025_51
3474,cluster_LynxID2025_66
3477,cluster_LynxID2025_noise_3477
3480,cluster_LynxID2025_74
3481,cluster_LynxID2025_157
3484,cluster_LynxID2025_161
3487,cluster_LynxID2025_noise_3487
3490,cluster_LynxID2025_48
3494,cluster_LynxID2025_11
3497,cluster_LynxID2025_noise_3497
3500,cluster_LynxID2025_noise_3500
3501,cluster_LynxID2025_95
3502,cluster_LynxID2025_noise_3502
3508,cluster_LynxID2025_128
3511,cluster_LynxID2025_149
3513,cluster_LynxID2025_198
3521,cluster_LynxID2025_74
3524,cluster_LynxID2025_2
3526,cluster_LynxID2025_213
3529,cluster_LynxID2025_0
3530,cluster_LynxID2025_noise_3530
3539,cluster_LynxID2025_138
3540,cluster_LynxID2025_159
3542,cluster_LynxID2025_19
3545,cluster_LynxID2025_26
3548,cluster_LynxID2025_45
3550,cluster_LynxID2025_noise_3550
3565,cluster_LynxID2025_74
3566,cluster_LynxID2025_noise_3566
3568,cluster_LynxID2025_114
3570,cluster_LynxID2025_171
3574,cluster_LynxID2025_8
3582,cluster_LynxID2025_0
3585,cluster_LynxID2025_153
3595,cluster_LynxID2025_180
3597,cluster_LynxID2025_63
3605,cluster_LynxID2025_69
3626,cluster_LynxID2025_26
3633,cluster_LynxID2025_118
3638,cluster_LynxID2025_165
3643,cluster_LynxID2025_noise_3643
3645,cluster_LynxID2025_113
3648,cluster_LynxID2025_0
3654,cluster_LynxID2025_201
3655,cluster_LynxID2025_70
3657,cluster_LynxID2025_noise_3657
3660,cluster_LynxID2025_197
3666,cluster_LynxID2025_noise_3666
3670,cluster_LynxID2025_73
3672,cluster_LynxID2025_194
3675,cluster_LynxID2025_noise_3675
3676,cluster_LynxID2025_82
3677,cluster_LynxID2025_204
3682,cluster_LynxID2025_171
3690,cluster_LynxID2025_203
3691,cluster_LynxID2025_178
3692,cluster_LynxID2025_185
3696,cluster_LynxID2025_126
3698,cluster_LynxID2025_12
3706,cluster_LynxID2025_160
3725,cluster_LynxID2025_117
3727,cluster_LynxID2025_noise_3727
3729,cluster_LynxID2025_noise_3729
3739,cluster_LynxID2025_23
3749,cluster_LynxID2025_195
3750,cluster_LynxID2025_209
3762,cluster_LynxID2025_135
3763,cluster_LynxID2025_noise_3763
3766,cluster_LynxID2025_101
3768,cluster_LynxID2025_142
3793,cluster_LynxID2025_167
3794,cluster_LynxID2025_19
3808,cluster_LynxID2025_209
3822,cluster_LynxID2025_33
3823,cluster_LynxID2025_111
3836,cluster_LynxID2025_65
3837,cluster_LynxID2025_137
3849,cluster_LynxID2025_102
3861,cluster_LynxID2025_0
3862,cluster_LynxID2025_52
3866,cluster_LynxID2025_144
3867,cluster_LynxID2025_43
3874,cluster_LynxID2025_154
3876,cluster_LynxID2025_26
3887,cluster_LynxID2025_200
3897,cluster_LynxID2025_noise_3897
3900,cluster_LynxID2025_108
3902,cluster_LynxID2025_61
5291,cluster_SalamanderID2025_87
5292,cluster_SalamanderID2025_87
5293,cluster_SalamanderID2025_121
5294,cluster_SalamanderID2025_87
5295,cluster_SalamanderID2025_31
5296,cluster_SalamanderID2025_101
5297,cluster_SalamanderID2025_60
5298,cluster_SalamanderID2025_101
5299,cluster_SalamanderID2025_116
5300,cluster_SalamanderID2025_37
5301,cluster_SalamanderID2025_107
5302,cluster_SalamanderID2025_0
5303,cluster_SalamanderID2025_0
5304,cluster_SalamanderID2025_0
5305,cluster_SalamanderID2025_0
5306,cluster_SalamanderID2025_0
5307,cluster_SalamanderID2025_0
5308,cluster_SalamanderID2025_37
5309,cluster_SalamanderID2025_113
5310,cluster_SalamanderID2025_19
5311,cluster_SalamanderID2025_0
5312,cluster_SalamanderID2025_14
5313,cluster_SalamanderID2025_0
5314,cluster_SalamanderID2025_25
5315,cluster_SalamanderID2025_0
5316,cluster_SalamanderID2025_24
5317,cluster_SalamanderID2025_109
5318,cluster_SalamanderID2025_147
5319,cluster_SalamanderID2025_76
5320,cluster_SalamanderID2025_68
5321,cluster_SalamanderID2025_40
5322,cluster_SalamanderID2025_65
5323,cluster_SalamanderID2025_46
5324,cluster_SalamanderID2025_noise_5324
5325,cluster_SalamanderID2025_37
5326,cluster_SalamanderID2025_75
5327,cluster_SalamanderID2025_100
5328,cluster_SalamanderID2025_55
5329,cluster_SalamanderID2025_109
5330,cluster_SalamanderID2025_117
5331,cluster_SalamanderID2025_77
5332,cluster_SalamanderID2025_58
5333,cluster_SalamanderID2025_75
5334,cluster_SalamanderID2025_76
5335,cluster_SalamanderID2025_94
5336,cluster_SalamanderID2025_111
5337,cluster_SalamanderID2025_100
5338,cluster_SalamanderID2025_noise_5338
5339,cluster_SalamanderID2025_51
5340,cluster_SalamanderID2025_128
5341,cluster_SalamanderID2025_128
5342,cluster_SalamanderID2025_168
5343,cluster_SalamanderID2025_129
5344,cluster_SalamanderID2025_87
5345,cluster_SalamanderID2025_134
5346,cluster_SalamanderID2025_129
5347,cluster_SalamanderID2025_noise_5347
5348,cluster_SalamanderID2025_noise_5348
5349,cluster_SalamanderID2025_74
5350,cluster_SalamanderID2025_125
5351,cluster_SalamanderID2025_106
5352,cluster_SalamanderID2025_noise_5352
5353,cluster_SalamanderID2025_109
5354,cluster_SalamanderID2025_76
5355,cluster_SalamanderID2025_43
5356,cluster_SalamanderID2025_noise_5356
5357,cluster_SalamanderID2025_92
5358,cluster_SalamanderID2025_24
5359,cluster_SalamanderID2025_156
5360,cluster_SalamanderID2025_160
5361,cluster_SalamanderID2025_109
5362,cluster_SalamanderID2025_0
5363,cluster_SalamanderID2025_67
5364,cluster_SalamanderID2025_0
5365,cluster_SalamanderID2025_156
5366,cluster_SalamanderID2025_95
5367,cluster_SalamanderID2025_128
5368,cluster_SalamanderID2025_132
5369,cluster_SalamanderID2025_109
5370,cluster_SalamanderID2025_55
5371,cluster_SalamanderID2025_38
5372,cluster_SalamanderID2025_139
5373,cluster_SalamanderID2025_75
5374,cluster_SalamanderID2025_128
5375,cluster_SalamanderID2025_noise_5375
5376,cluster_SalamanderID2025_149
5377,cluster_SalamanderID2025_noise_5377
5378,cluster_SalamanderID2025_19
5379,cluster_SalamanderID2025_19
5380,cluster_SalamanderID2025_noise_5380
5381,cluster_SalamanderID2025_63
5382,cluster_SalamanderID2025_145
5383,cluster_SalamanderID2025_63
5384,cluster_SalamanderID2025_63
5385,cluster_SalamanderID2025_noise_5385
5386,cluster_SalamanderID2025_19
5387,cluster_SalamanderID2025_27
5388,cluster_SalamanderID2025_noise_5388
5389,cluster_SalamanderID2025_96
5390,cluster_SalamanderID2025_noise_5390
5391,cluster_SalamanderID2025_2
5392,cluster_SalamanderID2025_116
5393,cluster_SalamanderID2025_96
5394,cluster_SalamanderID2025_39
5395,cluster_SalamanderID2025_135
5396,cluster_SalamanderID2025_88
5397,cluster_SalamanderID2025_135
5398,cluster_SalamanderID2025_40
5399,cluster_SalamanderID2025_163
5400,cluster_SalamanderID2025_58
5401,cluster_SalamanderID2025_111
5402,cluster_SalamanderID2025_noise_5402
5403,cluster_SalamanderID2025_152
5404,cluster_SalamanderID2025_76
5405,cluster_SalamanderID2025_64
5406,cluster_SalamanderID2025_160
5407,cluster_SalamanderID2025_11
5408,cluster_SalamanderID2025_104
5409,cluster_SalamanderID2025_65
5410,cluster_SalamanderID2025_104
5411,cluster_SalamanderID2025_noise_5411
5412,cluster_SalamanderID2025_54
5413,cluster_SalamanderID2025_51
5414,cluster_SalamanderID2025_noise_5414
5415,cluster_SalamanderID2025_87
5416,cluster_SalamanderID2025_121
5417,cluster_SalamanderID2025_noise_5417
5418,cluster_SalamanderID2025_87
5419,cluster_SalamanderID2025_26
5420,cluster_SalamanderID2025_56
5421,cluster_SalamanderID2025_56
5422,cluster_SalamanderID2025_56
5423,cluster_SalamanderID2025_14
5424,cluster_SalamanderID2025_14
5425,cluster_SalamanderID2025_95
5426,cluster_SalamanderID2025_56
5427,cluster_SalamanderID2025_106
5428,cluster_SalamanderID2025_39
5429,cluster_SalamanderID2025_78
5430,cluster_SalamanderID2025_14
5431,cluster_SalamanderID2025_14
5432,cluster_SalamanderID2025_81
5433,cluster_SalamanderID2025_152
5434,cluster_SalamanderID2025_84
5435,cluster_SalamanderID2025_76
5436,cluster_SalamanderID2025_89
5437,cluster_SalamanderID2025_31
5438,cluster_SalamanderID2025_104
5439,cluster_SalamanderID2025_noise_5439
5440,cluster_SalamanderID2025_86
5441,cluster_SalamanderID2025_164
5442,cluster_SalamanderID2025_26
5443,cluster_SalamanderID2025_82
5444,cluster_SalamanderID2025_6
5445,cluster_SalamanderID2025_noise_5445
5446,cluster_SalamanderID2025_noise_5446
5447,cluster_SalamanderID2025_89
5448,cluster_SalamanderID2025_125
5449,cluster_SalamanderID2025_22
5450,cluster_SalamanderID2025_89
5451,cluster_SalamanderID2025_86
5452,cluster_SalamanderID2025_144
5453,cluster_SalamanderID2025_125
5454,cluster_SalamanderID2025_85
5455,cluster_SalamanderID2025_133
5456,cluster_SalamanderID2025_85
5457,cluster_SalamanderID2025_115
5458,cluster_SalamanderID2025_133
5459,cluster_SalamanderID2025_166
5460,cluster_SalamanderID2025_69
5461,cluster_SalamanderID2025_66
5462,cluster_SalamanderID2025_30
5463,cluster_SalamanderID2025_78
5464,cluster_SalamanderID2025_84
5465,cluster_SalamanderID2025_85
5466,cluster_SalamanderID2025_13
5467,cluster_SalamanderID2025_137
5468,cluster_SalamanderID2025_noise_5468
5469,cluster_SalamanderID2025_97
5470,cluster_SalamanderID2025_30
5471,cluster_SalamanderID2025_noise_5471
5472,cluster_SalamanderID2025_15
5473,cluster_SalamanderID2025_30
5474,cluster_SalamanderID2025_122
5475,cluster_SalamanderID2025_136
5476,cluster_SalamanderID2025_98
5477,cluster_SalamanderID2025_11
5478,cluster_SalamanderID2025_107
5479,cluster_SalamanderID2025_127
5480,cluster_SalamanderID2025_130
5481,cluster_SalamanderID2025_59
5482,cluster_SalamanderID2025_94
5483,cluster_SalamanderID2025_94
5484,cluster_SalamanderID2025_13
5485,cluster_SalamanderID2025_96
5486,cluster_SalamanderID2025_25
5487,cluster_SalamanderID2025_111
5488,cluster_SalamanderID2025_114
5489,cluster_SalamanderID2025_noise_5489
5490,cluster_SalamanderID2025_97
5491,cluster_SalamanderID2025_56
5492,cluster_SalamanderID2025_134
5493,cluster_SalamanderID2025_143
5494,cluster_SalamanderID2025_37
5495,cluster_SalamanderID2025_107
5496,cluster_SalamanderID2025_47
5497,cluster_SalamanderID2025_46
5498,cluster_SalamanderID2025_2
5499,cluster_SalamanderID2025_115
5500,cluster_SalamanderID2025_23
5501,cluster_SalamanderID2025_107
5502,cluster_SalamanderID2025_128
5503,cluster_SalamanderID2025_110
5504,cluster_SalamanderID2025_66
5505,cluster_SalamanderID2025_80
5506,cluster_SalamanderID2025_27
5507,cluster_SalamanderID2025_68
5508,cluster_SalamanderID2025_noise_5508
5509,cluster_SalamanderID2025_119
5510,cluster_SalamanderID2025_81
5511,cluster_SalamanderID2025_155
5512,cluster_SalamanderID2025_60
5513,cluster_SalamanderID2025_79
5514,cluster_SalamanderID2025_163
5515,cluster_SalamanderID2025_163
5516,cluster_SalamanderID2025_noise_5516
5517,cluster_SalamanderID2025_noise_5517
5518,cluster_SalamanderID2025_63
5519,cluster_SalamanderID2025_noise_5519
5520,cluster_SalamanderID2025_119
5521,cluster_SalamanderID2025_108
5522,cluster_SalamanderID2025_54
5523,cluster_SalamanderID2025_84
5524,cluster_SalamanderID2025_117
5525,cluster_SalamanderID2025_noise_5525
5526,cluster_SalamanderID2025_143
5527,cluster_SalamanderID2025_23
5528,cluster_SalamanderID2025_129
5529,cluster_SalamanderID2025_noise_5529
5530,cluster_SalamanderID2025_106
5531,cluster_SalamanderID2025_154
5532,cluster_SalamanderID2025_167
5533,cluster_SalamanderID2025_103
5534,cluster_SalamanderID2025_107
5535,cluster_SalamanderID2025_87
5536,cluster_SalamanderID2025_45
5537,cluster_SalamanderID2025_59
5538,cluster_SalamanderID2025_139
5539,cluster_SalamanderID2025_158
5540,cluster_SalamanderID2025_90
5541,cluster_SalamanderID2025_114
5542,cluster_SalamanderID2025_107
5543,cluster_SalamanderID2025_39
5544,cluster_SalamanderID2025_56
5545,cluster_SalamanderID2025_106
5546,cluster_SalamanderID2025_81
5547,cluster_SalamanderID2025_88
5548,cluster_SalamanderID2025_22
5549,cluster_SalamanderID2025_88
5550,cluster_SalamanderID2025_noise_5550
5551,cluster_SalamanderID2025_3
5552,cluster_SalamanderID2025_noise_5552
5553,cluster_SalamanderID2025_noise_5553
5554,cluster_SalamanderID2025_66
5555,cluster_SalamanderID2025_38
5556,cluster_SalamanderID2025_92
5557,cluster_SalamanderID2025_noise_5557
5558,cluster_SalamanderID2025_121
5559,cluster_SalamanderID2025_138
5560,cluster_SalamanderID2025_91
5561,cluster_SalamanderID2025_31
5562,cluster_SalamanderID2025_6
5563,cluster_SalamanderID2025_127
5564,cluster_SalamanderID2025_151
5565,cluster_SalamanderID2025_noise_5565
5566,cluster_SalamanderID2025_29
5567,cluster_SalamanderID2025_12
5568,cluster_SalamanderID2025_11
5569,cluster_SalamanderID2025_11
5570,cluster_SalamanderID2025_11
5571,cluster_SalamanderID2025_66
5572,cluster_SalamanderID2025_60
5573,cluster_SalamanderID2025_33
5574,cluster_SalamanderID2025_72
5575,cluster_SalamanderID2025_97
5576,cluster_SalamanderID2025_73
5577,cluster_SalamanderID2025_noise_5577
5578,cluster_SalamanderID2025_77
5579,cluster_SalamanderID2025_30
5580,cluster_SalamanderID2025_15
5581,cluster_SalamanderID2025_93
5582,cluster_SalamanderID2025_118
5583,cluster_SalamanderID2025_37
5584,cluster_SalamanderID2025_67
5585,cluster_SalamanderID2025_noise_5585
5586,cluster_SalamanderID2025_98
5587,cluster_SalamanderID2025_noise_5587
5588,cluster_SalamanderID2025_112
5589,cluster_SalamanderID2025_94
5590,cluster_SalamanderID2025_35
5591,cluster_SalamanderID2025_57
5592,cluster_SalamanderID2025_57
5593,cluster_SalamanderID2025_noise_5593
5594,cluster_SalamanderID2025_12
5595,cluster_SalamanderID2025_noise_5595
5596,cluster_SalamanderID2025_141
5597,cluster_SalamanderID2025_0
5598,cluster_SalamanderID2025_noise_5598
5599,cluster_SalamanderID2025_63
5600,cluster_SalamanderID2025_noise_5600
5601,cluster_SalamanderID2025_120
5602,cluster_SalamanderID2025_120
5603,cluster_SalamanderID2025_120
5604,cluster_SalamanderID2025_150
5605,cluster_SalamanderID2025_150
5606,cluster_SalamanderID2025_64
5607,cluster_SalamanderID2025_64
5608,cluster_SalamanderID2025_99
5609,cluster_SalamanderID2025_noise_5609
5610,cluster_SalamanderID2025_39
5611,cluster_SalamanderID2025_noise_5611
5612,cluster_SalamanderID2025_74
5613,cluster_SalamanderID2025_148
5614,cluster_SalamanderID2025_153
5615,cluster_SalamanderID2025_83
5616,cluster_SalamanderID2025_noise_5616
5617,cluster_SalamanderID2025_134
5618,cluster_SalamanderID2025_83
5619,cluster_SalamanderID2025_83
5620,cluster_SalamanderID2025_76
5621,cluster_SalamanderID2025_102
5622,cluster_SalamanderID2025_64
5623,cluster_SalamanderID2025_76
5624,cluster_SalamanderID2025_113
5625,cluster_SalamanderID2025_163
5626,cluster_SalamanderID2025_61
5627,cluster_SalamanderID2025_61
5628,cluster_SalamanderID2025_133
5629,cluster_SalamanderID2025_47
5630,cluster_SalamanderID2025_116
5631,cluster_SalamanderID2025_noise_5631
5632,cluster_SalamanderID2025_31
5633,cluster_SalamanderID2025_161
5634,cluster_SalamanderID2025_92
5635,cluster_SalamanderID2025_noise_5635
5636,cluster_SalamanderID2025_82
5637,cluster_SalamanderID2025_48
5638,cluster_SalamanderID2025_80
5639,cluster_SalamanderID2025_29
5640,cluster_SalamanderID2025_168
5641,cluster_SalamanderID2025_31
5642,cluster_SalamanderID2025_162
5643,cluster_SalamanderID2025_162
5644,cluster_SalamanderID2025_136
5645,cluster_SalamanderID2025_25
5646,cluster_SalamanderID2025_25
5647,cluster_SalamanderID2025_162
5648,cluster_SalamanderID2025_137
5649,cluster_SalamanderID2025_56
5650,cluster_SalamanderID2025_138
5651,cluster_SalamanderID2025_130
5652,cluster_SalamanderID2025_81
5653,cluster_SalamanderID2025_126
5654,cluster_SalamanderID2025_149
5655,cluster_SalamanderID2025_148
5656,cluster_SalamanderID2025_147
5657,cluster_SalamanderID2025_87
5658,cluster_SalamanderID2025_140
5659,cluster_SalamanderID2025_147
5660,cluster_SalamanderID2025_noise_5660
5661,cluster_SalamanderID2025_149
5662,cluster_SalamanderID2025_69
5663,cluster_SalamanderID2025_noise_5663
5664,cluster_SalamanderID2025_noise_5664
5665,cluster_SalamanderID2025_169
5666,cluster_SalamanderID2025_112
5667,cluster_SalamanderID2025_41
5668,cluster_SalamanderID2025_90
5669,cluster_SalamanderID2025_noise_5669
5670,cluster_SalamanderID2025_42
5671,cluster_SalamanderID2025_62
5672,cluster_SalamanderID2025_39
5673,cluster_SalamanderID2025_155
5674,cluster_SalamanderID2025_noise_5674
5675,cluster_SalamanderID2025_130
5676,cluster_SalamanderID2025_131
5677,cluster_SalamanderID2025_111
5678,cluster_SalamanderID2025_151
5679,cluster_SalamanderID2025_116
5680,cluster_SalamanderID2025_67
5681,cluster_SalamanderID2025_136
5682,cluster_SalamanderID2025_171
5683,cluster_SalamanderID2025_111
5684,cluster_SalamanderID2025_70
5685,cluster_SalamanderID2025_88
5686,cluster_SalamanderID2025_67
5687,cluster_SalamanderID2025_37
5688,cluster_SalamanderID2025_146
5689,cluster_SalamanderID2025_162
5690,cluster_SalamanderID2025_67
5691,cluster_SalamanderID2025_125
5692,cluster_SalamanderID2025_164
5693,cluster_SalamanderID2025_80
5694,cluster_SalamanderID2025_110
5695,cluster_SalamanderID2025_110
5696,cluster_SalamanderID2025_110
5697,cluster_SalamanderID2025_83
5698,cluster_SalamanderID2025_4
5699,cluster_SalamanderID2025_99
5700,cluster_SalamanderID2025_37
5701,cluster_SalamanderID2025_98
5702,cluster_SalamanderID2025_48
5703,cluster_SalamanderID2025_70
5704,cluster_SalamanderID2025_145
5705,cluster_SalamanderID2025_noise_5705
5706,cluster_SalamanderID2025_noise_5706
5707,cluster_SalamanderID2025_93
5708,cluster_SalamanderID2025_158
5709,cluster_SalamanderID2025_157
5710,cluster_SalamanderID2025_159
5711,cluster_SalamanderID2025_71
5712,cluster_SalamanderID2025_154
5713,cluster_SalamanderID2025_167
5714,cluster_SalamanderID2025_149
5715,cluster_SalamanderID2025_162
5716,cluster_SalamanderID2025_130
5717,cluster_SalamanderID2025_92
5718,cluster_SalamanderID2025_139
5719,cluster_SalamanderID2025_noise_5719
5720,cluster_SalamanderID2025_132
5721,cluster_SalamanderID2025_noise_5721
5722,cluster_SalamanderID2025_91
5723,cluster_SalamanderID2025_41
5724,cluster_SalamanderID2025_98
5725,cluster_SalamanderID2025_43
5726,cluster_SalamanderID2025_171
5727,cluster_SalamanderID2025_104
5728,cluster_SalamanderID2025_126
5729,cluster_SalamanderID2025_166
5730,cluster_SalamanderID2025_45
5731,cluster_SalamanderID2025_73
5732,cluster_SalamanderID2025_153
5733,cluster_SalamanderID2025_noise_5733
5734,cluster_SalamanderID2025_noise_5734
5735,cluster_SalamanderID2025_53
5736,cluster_SalamanderID2025_36
5737,cluster_SalamanderID2025_noise_5737
5738,cluster_SalamanderID2025_144
5739,cluster_SalamanderID2025_32
5740,cluster_SalamanderID2025_noise_5740
5741,cluster_SalamanderID2025_165
5742,cluster_SalamanderID2025_56
5743,cluster_SalamanderID2025_159
5744,cluster_SalamanderID2025_136
5745,cluster_SalamanderID2025_133
5746,cluster_SalamanderID2025_noise_5746
5747,cluster_SalamanderID2025_67
5748,cluster_SalamanderID2025_31
5749,cluster_SalamanderID2025_143
5750,cluster_SalamanderID2025_117
5751,cluster_SalamanderID2025_79
5752,cluster_SalamanderID2025_2
5753,cluster_SalamanderID2025_noise_5753
5754,cluster_SalamanderID2025_110
5755,cluster_SalamanderID2025_116
5756,cluster_SalamanderID2025_170
5757,cluster_SalamanderID2025_121
5758,cluster_SalamanderID2025_34
5759,cluster_SalamanderID2025_51
5760,cluster_SalamanderID2025_noise_5760
5761,cluster_SalamanderID2025_noise_5761
5762,cluster_SalamanderID2025_116
5763,cluster_SalamanderID2025_122
5764,cluster_SalamanderID2025_9
5765,cluster_SalamanderID2025_103
5766,cluster_SalamanderID2025_noise_5766
5767,cluster_SalamanderID2025_1
5768,cluster_SalamanderID2025_55
5769,cluster_SalamanderID2025_75
5770,cluster_SalamanderID2025_27
5771,cluster_SalamanderID2025_113
5772,cluster_SalamanderID2025_142
5773,cluster_SalamanderID2025_142
5774,cluster_SalamanderID2025_142
5775,cluster_SalamanderID2025_105
5776,cluster_SalamanderID2025_118
5777,cluster_SalamanderID2025_113
5778,cluster_SalamanderID2025_136
5779,cluster_SalamanderID2025_52
5780,cluster_SalamanderID2025_151
5781,cluster_SalamanderID2025_49
5782,cluster_SalamanderID2025_76
5783,cluster_SalamanderID2025_22
5784,cluster_SalamanderID2025_53
5785,cluster_SalamanderID2025_53
5786,cluster_SalamanderID2025_162
5787,cluster_SalamanderID2025_169
5788,cluster_SalamanderID2025_noise_5788
5789,cluster_SalamanderID2025_165
5790,cluster_SalamanderID2025_154
5791,cluster_SalamanderID2025_62
5792,cluster_SalamanderID2025_133
5793,cluster_SalamanderID2025_72
5794,cluster_SalamanderID2025_116
5795,cluster_SalamanderID2025_noise_5795
5796,cluster_SalamanderID2025_20
5797,cluster_SalamanderID2025_52
5798,cluster_SalamanderID2025_noise_5798
5799,cluster_SalamanderID2025_140
5800,cluster_SalamanderID2025_141
5801,cluster_SalamanderID2025_151
5802,cluster_SalamanderID2025_166
5803,cluster_SalamanderID2025_noise_5803
5804,cluster_SalamanderID2025_51
5805,cluster_SalamanderID2025_noise_5805
5806,cluster_SalamanderID2025_103
5807,cluster_SalamanderID2025_noise_5807
5808,cluster_SalamanderID2025_153
5809,cluster_SalamanderID2025_21
5810,cluster_SalamanderID2025_130
5811,cluster_SalamanderID2025_noise_5811
5812,cluster_SalamanderID2025_157
5813,cluster_SalamanderID2025_noise_5813
5814,cluster_SalamanderID2025_32
5815,cluster_SalamanderID2025_28
5816,cluster_SalamanderID2025_44
5817,cluster_SalamanderID2025_4
5818,cluster_SalamanderID2025_15
5819,cluster_SalamanderID2025_33
5820,cluster_SalamanderID2025_21
5821,cluster_SalamanderID2025_51
5822,cluster_SalamanderID2025_161
5823,cluster_SalamanderID2025_121
5824,cluster_SalamanderID2025_130
5825,cluster_SalamanderID2025_51
5826,cluster_SalamanderID2025_44
5827,cluster_SalamanderID2025_10
5828,cluster_SalamanderID2025_158
5829,cluster_SalamanderID2025_50
5830,cluster_SalamanderID2025_165
5831,cluster_SalamanderID2025_92
5832,cluster_SalamanderID2025_114
5833,cluster_SalamanderID2025_20
5834,cluster_SalamanderID2025_51
5835,cluster_SalamanderID2025_28
5836,cluster_SalamanderID2025_21
5837,cluster_SalamanderID2025_10
5838,cluster_SalamanderID2025_51
5839,cluster_SalamanderID2025_noise_5839
5840,cluster_SalamanderID2025_51
5841,cluster_SalamanderID2025_145
5842,cluster_SalamanderID2025_16
5843,cluster_SalamanderID2025_noise_5843
5844,cluster_SalamanderID2025_89
5845,cluster_SalamanderID2025_28
5846,cluster_SalamanderID2025_42
5847,cluster_SalamanderID2025_76
5848,cluster_SalamanderID2025_10
5849,cluster_SalamanderID2025_86
5850,cluster_SalamanderID2025_103
5851,cluster_SalamanderID2025_102
5852,cluster_SalamanderID2025_116
5853,cluster_SalamanderID2025_90
5854,cluster_SalamanderID2025_166
5855,cluster_SalamanderID2025_17
5856,cluster_SalamanderID2025_86
5857,cluster_SalamanderID2025_154
5858,cluster_SalamanderID2025_noise_5858
5859,cluster_SalamanderID2025_21
5860,cluster_SalamanderID2025_79
5861,cluster_SalamanderID2025_51
5862,cluster_SalamanderID2025_noise_5862
5863,cluster_SalamanderID2025_51
5864,cluster_SalamanderID2025_146
5865,cluster_SalamanderID2025_114
5866,cluster_SalamanderID2025_116
5867,cluster_SalamanderID2025_141
5868,cluster_SalamanderID2025_51
5869,cluster_SalamanderID2025_50
5870,cluster_SalamanderID2025_123
5871,cluster_SalamanderID2025_73
5872,cluster_SalamanderID2025_noise_5872
5873,cluster_SalamanderID2025_170
5874,cluster_SalamanderID2025_62
5875,cluster_SalamanderID2025_123
5876,cluster_SalamanderID2025_143
5877,cluster_SalamanderID2025_noise_5877
5878,cluster_SalamanderID2025_78
5879,cluster_SalamanderID2025_68
5880,cluster_SalamanderID2025_51
5881,cluster_SalamanderID2025_noise_5881
5882,cluster_SalamanderID2025_140
5883,cluster_SalamanderID2025_109
5884,cluster_SalamanderID2025_13
5885,cluster_SalamanderID2025_116
5886,cluster_SalamanderID2025_37
5887,cluster_SalamanderID2025_51
5888,cluster_SalamanderID2025_noise_5888
5889,cluster_SalamanderID2025_159
5890,cluster_SalamanderID2025_9
5891,cluster_SalamanderID2025_29
5892,cluster_SalamanderID2025_27
5893,cluster_SalamanderID2025_150
5894,cluster_SalamanderID2025_34
5895,cluster_SalamanderID2025_16
5896,cluster_SalamanderID2025_noise_5896
5897,cluster_SalamanderID2025_21
5898,cluster_SalamanderID2025_157
5899,cluster_SalamanderID2025_5
5900,cluster_SalamanderID2025_49
5901,cluster_SalamanderID2025_18
5902,cluster_SalamanderID2025_noise_5902
5903,cluster_SalamanderID2025_27
5904,cluster_SalamanderID2025_16
5905,cluster_SalamanderID2025_51
5906,cluster_SalamanderID2025_8
5907,cluster_SalamanderID2025_16
5908,cluster_SalamanderID2025_9
5909,cluster_SalamanderID2025_115
5910,cluster_SalamanderID2025_8
5911,cluster_SalamanderID2025_124
5912,cluster_SalamanderID2025_124
5913,cluster_SalamanderID2025_3
5914,cluster_SalamanderID2025_56
5915,cluster_SalamanderID2025_51
5916,cluster_SalamanderID2025_8
5917,cluster_SalamanderID2025_7
5918,cluster_SalamanderID2025_118
5919,cluster_SalamanderID2025_7
5920,cluster_SalamanderID2025_71
5921,cluster_SalamanderID2025_29
5922,cluster_SalamanderID2025_44
5923,cluster_SalamanderID2025_103
5924,cluster_SalamanderID2025_165
5925,cluster_SalamanderID2025_29
5926,cluster_SalamanderID2025_noise_5926
5927,cluster_SalamanderID2025_80
5928,cluster_SalamanderID2025_45
5929,cluster_SalamanderID2025_44
5930,cluster_SalamanderID2025_1
5931,cluster_SalamanderID2025_50
5932,cluster_SalamanderID2025_51
5933,cluster_SalamanderID2025_18
5934,cluster_SalamanderID2025_9
5935,cluster_SalamanderID2025_20
5936,cluster_SalamanderID2025_noise_5936
5937,cluster_SalamanderID2025_17
5938,cluster_SalamanderID2025_51
5939,cluster_SalamanderID2025_noise_5939
5940,cluster_SalamanderID2025_18
5941,cluster_SalamanderID2025_44
5942,cluster_SalamanderID2025_136
5943,cluster_SalamanderID2025_145
5944,cluster_SalamanderID2025_36
5945,cluster_SalamanderID2025_122
5946,cluster_SalamanderID2025_76
5947,cluster_SalamanderID2025_111
5948,cluster_SalamanderID2025_89
5949,cluster_SalamanderID2025_112
5950,cluster_SalamanderID2025_35
5951,cluster_SalamanderID2025_54
5952,cluster_SalamanderID2025_51
5953,cluster_SalamanderID2025_36
5954,cluster_SalamanderID2025_105
5955,cluster_SalamanderID2025_145
5956,cluster_SalamanderID2025_116
5957,cluster_SalamanderID2025_115
5958,cluster_SalamanderID2025_51
5959,cluster_SalamanderID2025_noise_5959
5960,cluster_SalamanderID2025_52
5961,cluster_SalamanderID2025_8
5962,cluster_SalamanderID2025_51
5963,cluster_SalamanderID2025_51
5964,cluster_SalamanderID2025_5
5965,cluster_SalamanderID2025_noise_5965
5966,cluster_SalamanderID2025_44
5967,cluster_SalamanderID2025_39
5968,cluster_SalamanderID2025_noise_5968
5969,cluster_SalamanderID2025_131
5970,cluster_SalamanderID2025_131
5971,cluster_SalamanderID2025_51
5972,cluster_SalamanderID2025_20
5973,cluster_SalamanderID2025_9
5974,cluster_SalamanderID2025_158
5975,cluster_SalamanderID2025_86
5976,cluster_SalamanderID2025_53
5977,cluster_SalamanderID2025_108
5978,cluster_SalamanderID2025_51
5979,cluster_SalamanderID2025_51
14709,cluster_SeaTurtleID2022_77
14710,cluster_SeaTurtleID2022_27
14711,cluster_SeaTurtleID2022_noise_14711
14712,cluster_SeaTurtleID2022_134
14713,cluster_SeaTurtleID2022_90
14714,cluster_SeaTurtleID2022_71
14715,cluster_SeaTurtleID2022_37
14716,cluster_SeaTurtleID2022_114
14717,cluster_SeaTurtleID2022_58
14718,cluster_SeaTurtleID2022_41
14719,cluster_SeaTurtleID2022_95
14720,cluster_SeaTurtleID2022_77
14721,cluster_SeaTurtleID2022_41
14722,cluster_SeaTurtleID2022_37
14723,cluster_SeaTurtleID2022_127
14724,cluster_SeaTurtleID2022_129
14725,cluster_SeaTurtleID2022_37
14726,cluster_SeaTurtleID2022_92
14727,cluster_SeaTurtleID2022_123
14728,cluster_SeaTurtleID2022_23
14729,cluster_SeaTurtleID2022_11
14730,cluster_SeaTurtleID2022_40
14731,cluster_SeaTurtleID2022_53
14732,cluster_SeaTurtleID2022_123
14733,cluster_SeaTurtleID2022_128
14734,cluster_SeaTurtleID2022_noise_14734
14735,cluster_SeaTurtleID2022_136
14736,cluster_SeaTurtleID2022_51
14737,cluster_SeaTurtleID2022_104
14738,cluster_SeaTurtleID2022_78
14739,cluster_SeaTurtleID2022_100
14740,cluster_SeaTurtleID2022_116
14741,cluster_SeaTurtleID2022_noise_14741
14742,cluster_SeaTurtleID2022_noise_14742
14743,cluster_SeaTurtleID2022_127
14744,cluster_SeaTurtleID2022_65
14745,cluster_SeaTurtleID2022_37
14746,cluster_SeaTurtleID2022_noise_14746
14747,cluster_SeaTurtleID2022_84
14748,cluster_SeaTurtleID2022_100
14749,cluster_SeaTurtleID2022_noise_14749
14750,cluster_SeaTurtleID2022_74
14751,cluster_SeaTurtleID2022_132
14752,cluster_SeaTurtleID2022_58
14753,cluster_SeaTurtleID2022_69
14754,cluster_SeaTurtleID2022_77
14755,cluster_SeaTurtleID2022_47
14756,cluster_SeaTurtleID2022_32
14757,cluster_SeaTurtleID2022_43
14758,cluster_SeaTurtleID2022_106
14759,cluster_SeaTurtleID2022_65
14760,cluster_SeaTurtleID2022_117
14761,cluster_SeaTurtleID2022_134
14762,cluster_SeaTurtleID2022_noise_14762
14763,cluster_SeaTurtleID2022_22
14764,cluster_SeaTurtleID2022_29
14765,cluster_SeaTurtleID2022_47
14766,cluster_SeaTurtleID2022_49
14767,cluster_SeaTurtleID2022_49
14768,cluster_SeaTurtleID2022_89
14769,cluster_SeaTurtleID2022_0
14770,cluster_SeaTurtleID2022_39
14771,cluster_SeaTurtleID2022_130
14772,cluster_SeaTurtleID2022_52
14773,cluster_SeaTurtleID2022_62
14774,cluster_SeaTurtleID2022_14
14775,cluster_SeaTurtleID2022_15
14776,cluster_SeaTurtleID2022_12
14777,cluster_SeaTurtleID2022_61
14778,cluster_SeaTurtleID2022_133
14779,cluster_SeaTurtleID2022_80
14780,cluster_SeaTurtleID2022_10
14781,cluster_SeaTurtleID2022_35
14782,cluster_SeaTurtleID2022_89
14783,cluster_SeaTurtleID2022_137
14784,cluster_SeaTurtleID2022_53
14785,cluster_SeaTurtleID2022_130
14786,cluster_SeaTurtleID2022_117
14787,cluster_SeaTurtleID2022_56
14788,cluster_SeaTurtleID2022_21
14789,cluster_SeaTurtleID2022_117
14790,cluster_SeaTurtleID2022_noise_14790
14791,cluster_SeaTurtleID2022_19
14792,cluster_SeaTurtleID2022_111
14793,cluster_SeaTurtleID2022_132
14794,cluster_SeaTurtleID2022_119
14795,cluster_SeaTurtleID2022_1
14796,cluster_SeaTurtleID2022_0
14797,cluster_SeaTurtleID2022_noise_14797
14798,cluster_SeaTurtleID2022_29
14799,cluster_SeaTurtleID2022_noise_14799
14800,cluster_SeaTurtleID2022_noise_14800
14801,cluster_SeaTurtleID2022_56
14802,cluster_SeaTurtleID2022_40
14803,cluster_SeaTurtleID2022_122
14804,cluster_SeaTurtleID2022_53
14805,cluster_SeaTurtleID2022_70
14806,cluster_SeaTurtleID2022_133
14807,cluster_SeaTurtleID2022_5
14808,cluster_SeaTurtleID2022_53
14809,cluster_SeaTurtleID2022_noise_14809
14810,cluster_SeaTurtleID2022_23
14811,cluster_SeaTurtleID2022_101
14812,cluster_SeaTurtleID2022_97
14813,cluster_SeaTurtleID2022_35
14814,cluster_SeaTurtleID2022_69
14815,cluster_SeaTurtleID2022_115
14816,cluster_SeaTurtleID2022_50
14817,cluster_SeaTurtleID2022_79
14818,cluster_SeaTurtleID2022_75
14819,cluster_SeaTurtleID2022_110
14820,cluster_SeaTurtleID2022_108
14821,cluster_SeaTurtleID2022_47
14822,cluster_SeaTurtleID2022_noise_14822
14823,cluster_SeaTurtleID2022_9
14824,cluster_SeaTurtleID2022_118
14825,cluster_SeaTurtleID2022_121
14826,cluster_SeaTurtleID2022_52
14827,cluster_SeaTurtleID2022_noise_14827
14828,cluster_SeaTurtleID2022_18
14829,cluster_SeaTurtleID2022_130
14830,cluster_SeaTurtleID2022_9
14831,cluster_SeaTurtleID2022_44
14832,cluster_SeaTurtleID2022_noise_14832
14833,cluster_SeaTurtleID2022_97
14834,cluster_SeaTurtleID2022_93
14835,cluster_SeaTurtleID2022_57
14836,cluster_SeaTurtleID2022_110
14837,cluster_SeaTurtleID2022_133
14838,cluster_SeaTurtleID2022_12
14839,cluster_SeaTurtleID2022_103
14840,cluster_SeaTurtleID2022_7
14841,cluster_SeaTurtleID2022_25
14842,cluster_SeaTurtleID2022_111
14843,cluster_SeaTurtleID2022_49
14844,cluster_SeaTurtleID2022_55
14845,cluster_SeaTurtleID2022_noise_14845
14846,cluster_SeaTurtleID2022_135
14847,cluster_SeaTurtleID2022_99
14848,cluster_SeaTurtleID2022_5
14849,cluster_SeaTurtleID2022_119
14850,cluster_SeaTurtleID2022_109
14851,cluster_SeaTurtleID2022_65
14852,cluster_SeaTurtleID2022_3
14853,cluster_SeaTurtleID2022_109
14854,cluster_SeaTurtleID2022_noise_14854
14855,cluster_SeaTurtleID2022_25
14856,cluster_SeaTurtleID2022_48
14857,cluster_SeaTurtleID2022_27
14858,cluster_SeaTurtleID2022_22
14859,cluster_SeaTurtleID2022_21
14860,cluster_SeaTurtleID2022_43
14861,cluster_SeaTurtleID2022_89
14862,cluster_SeaTurtleID2022_12
14863,cluster_SeaTurtleID2022_26
14864,cluster_SeaTurtleID2022_68
14865,cluster_SeaTurtleID2022_46
14866,cluster_SeaTurtleID2022_16
14867,cluster_SeaTurtleID2022_63
14868,cluster_SeaTurtleID2022_103
14869,cluster_SeaTurtleID2022_39
14870,cluster_SeaTurtleID2022_137
14871,cluster_SeaTurtleID2022_noise_14871
14872,cluster_SeaTurtleID2022_noise_14872
14873,cluster_SeaTurtleID2022_59
14874,cluster_SeaTurtleID2022_noise_14874
14875,cluster_SeaTurtleID2022_103
14876,cluster_SeaTurtleID2022_122
14877,cluster_SeaTurtleID2022_noise_14877
14878,cluster_SeaTurtleID2022_130
14879,cluster_SeaTurtleID2022_60
14880,cluster_SeaTurtleID2022_137
14881,cluster_SeaTurtleID2022_113
14882,cluster_SeaTurtleID2022_104
14883,cluster_SeaTurtleID2022_46
14884,cluster_SeaTurtleID2022_22
14885,cluster_SeaTurtleID2022_62
14886,cluster_SeaTurtleID2022_34
14887,cluster_SeaTurtleID2022_noise_14887
14888,cluster_SeaTurtleID2022_40
14889,cluster_SeaTurtleID2022_108
14890,cluster_SeaTurtleID2022_noise_14890
14891,cluster_SeaTurtleID2022_80
14892,cluster_SeaTurtleID2022_noise_14892
14893,cluster_SeaTurtleID2022_noise_14893
14894,cluster_SeaTurtleID2022_32
14895,cluster_SeaTurtleID2022_8
14896,cluster_SeaTurtleID2022_noise_14896
14897,cluster_SeaTurtleID2022_19
14898,cluster_SeaTurtleID2022_63
14899,cluster_SeaTurtleID2022_36
14900,cluster_SeaTurtleID2022_9
14901,cluster_SeaTurtleID2022_52
14902,cluster_SeaTurtleID2022_noise_14902
14903,cluster_SeaTurtleID2022_110
14904,cluster_SeaTurtleID2022_123
14905,cluster_SeaTurtleID2022_94
14906,cluster_SeaTurtleID2022_34
14907,cluster_SeaTurtleID2022_38
14908,cluster_SeaTurtleID2022_33
14909,cluster_SeaTurtleID2022_73
14910,cluster_SeaTurtleID2022_112
14911,cluster_SeaTurtleID2022_67
14912,cluster_SeaTurtleID2022_41
14913,cluster_SeaTurtleID2022_57
14914,cluster_SeaTurtleID2022_50
14915,cluster_SeaTurtleID2022_114
14916,cluster_SeaTurtleID2022_76
14917,cluster_SeaTurtleID2022_14
14918,cluster_SeaTurtleID2022_132
14919,cluster_SeaTurtleID2022_124
14920,cluster_SeaTurtleID2022_53
14921,cluster_SeaTurtleID2022_105
14922,cluster_SeaTurtleID2022_noise_14922
14923,cluster_SeaTurtleID2022_122
14924,cluster_SeaTurtleID2022_137
14925,cluster_SeaTurtleID2022_20
14926,cluster_SeaTurtleID2022_106
14927,cluster_SeaTurtleID2022_noise_14927
14928,cluster_SeaTurtleID2022_40
14929,cluster_SeaTurtleID2022_9
14930,cluster_SeaTurtleID2022_94
14931,cluster_SeaTurtleID2022_53
14932,cluster_SeaTurtleID2022_110
14933,cluster_SeaTurtleID2022_54
14934,cluster_SeaTurtleID2022_98
14935,cluster_SeaTurtleID2022_114
14936,cluster_SeaTurtleID2022_noise_14936
14937,cluster_SeaTurtleID2022_13
14938,cluster_SeaTurtleID2022_37
14939,cluster_SeaTurtleID2022_14
14940,cluster_SeaTurtleID2022_42
14941,cluster_SeaTurtleID2022_15
14942,cluster_SeaTurtleID2022_113
14943,cluster_SeaTurtleID2022_133
14944,cluster_SeaTurtleID2022_3
14945,cluster_SeaTurtleID2022_101
14946,cluster_SeaTurtleID2022_71
14947,cluster_SeaTurtleID2022_noise_14947
14948,cluster_SeaTurtleID2022_124
14949,cluster_SeaTurtleID2022_5
14950,cluster_SeaTurtleID2022_60
14951,cluster_SeaTurtleID2022_noise_14951
14952,cluster_SeaTurtleID2022_39
14953,cluster_SeaTurtleID2022_56
14954,cluster_SeaTurtleID2022_19
14955,cluster_SeaTurtleID2022_97
14956,cluster_SeaTurtleID2022_53
14957,cluster_SeaTurtleID2022_135
14958,cluster_SeaTurtleID2022_noise_14958
14959,cluster_SeaTurtleID2022_noise_14959
14960,cluster_SeaTurtleID2022_90
14961,cluster_SeaTurtleID2022_91
14962,cluster_SeaTurtleID2022_44
14963,cluster_SeaTurtleID2022_61
14964,cluster_SeaTurtleID2022_129
14965,cluster_SeaTurtleID2022_103
14966,cluster_SeaTurtleID2022_92
14967,cluster_SeaTurtleID2022_76
14968,cluster_SeaTurtleID2022_24
14969,cluster_SeaTurtleID2022_81
14970,cluster_SeaTurtleID2022_26
14971,cluster_SeaTurtleID2022_16
14972,cluster_SeaTurtleID2022_54
14973,cluster_SeaTurtleID2022_noise_14973
14974,cluster_SeaTurtleID2022_41
14975,cluster_SeaTurtleID2022_noise_14975
14976,cluster_SeaTurtleID2022_25
14977,cluster_SeaTurtleID2022_26
14978,cluster_SeaTurtleID2022_130
14979,cluster_SeaTurtleID2022_125
14980,cluster_SeaTurtleID2022_0
14981,cluster_SeaTurtleID2022_118
14982,cluster_SeaTurtleID2022_86
14983,cluster_SeaTurtleID2022_noise_14983
14984,cluster_SeaTurtleID2022_noise_14984
14985,cluster_SeaTurtleID2022_43
14986,cluster_SeaTurtleID2022_52
14987,cluster_SeaTurtleID2022_131
14988,cluster_SeaTurtleID2022_noise_14988
14989,cluster_SeaTurtleID2022_66
14990,cluster_SeaTurtleID2022_113
14991,cluster_SeaTurtleID2022_89
14992,cluster_SeaTurtleID2022_120
14993,cluster_SeaTurtleID2022_61
14994,cluster_SeaTurtleID2022_76
14995,cluster_SeaTurtleID2022_61
14996,cluster_SeaTurtleID2022_86
14997,cluster_SeaTurtleID2022_57
14998,cluster_SeaTurtleID2022_77
14999,cluster_SeaTurtleID2022_53
15000,cluster_SeaTurtleID2022_noise_15000
15001,cluster_SeaTurtleID2022_19
15002,cluster_SeaTurtleID2022_33
15003,cluster_SeaTurtleID2022_86
15004,cluster_SeaTurtleID2022_97
15005,cluster_SeaTurtleID2022_55
15006,cluster_SeaTurtleID2022_134
15007,cluster_SeaTurtleID2022_88
15008,cluster_SeaTurtleID2022_134
15009,cluster_SeaTurtleID2022_28
15010,cluster_SeaTurtleID2022_102
15011,cluster_SeaTurtleID2022_42
15012,cluster_SeaTurtleID2022_117
15013,cluster_SeaTurtleID2022_70
15014,cluster_SeaTurtleID2022_81
15015,cluster_SeaTurtleID2022_14
15016,cluster_SeaTurtleID2022_93
15017,cluster_SeaTurtleID2022_54
15018,cluster_SeaTurtleID2022_8
15019,cluster_SeaTurtleID2022_noise_15019
15020,cluster_SeaTurtleID2022_19
15021,cluster_SeaTurtleID2022_noise_15021
15022,cluster_SeaTurtleID2022_127
15023,cluster_SeaTurtleID2022_10
15024,cluster_SeaTurtleID2022_34
15025,cluster_SeaTurtleID2022_4
15026,cluster_SeaTurtleID2022_noise_15026
15027,cluster_SeaTurtleID2022_68
15028,cluster_SeaTurtleID2022_121
15029,cluster_SeaTurtleID2022_17
15030,cluster_SeaTurtleID2022_135
15031,cluster_SeaTurtleID2022_105
15032,cluster_SeaTurtleID2022_31
15033,cluster_SeaTurtleID2022_99
15034,cluster_SeaTurtleID2022_18
15035,cluster_SeaTurtleID2022_7
15036,cluster_SeaTurtleID2022_47
15037,cluster_SeaTurtleID2022_105
15038,cluster_SeaTurtleID2022_96
15039,cluster_SeaTurtleID2022_36
15040,cluster_SeaTurtleID2022_13
15041,cluster_SeaTurtleID2022_67
15042,cluster_SeaTurtleID2022_131
15043,cluster_SeaTurtleID2022_4
15044,cluster_SeaTurtleID2022_89
15045,cluster_SeaTurtleID2022_125
15046,cluster_SeaTurtleID2022_21
15047,cluster_SeaTurtleID2022_75
15048,cluster_SeaTurtleID2022_77
15049,cluster_SeaTurtleID2022_75
15050,cluster_SeaTurtleID2022_6
15051,cluster_SeaTurtleID2022_64
15052,cluster_SeaTurtleID2022_92
15053,cluster_SeaTurtleID2022_noise_15053
15054,cluster_SeaTurtleID2022_24
15055,cluster_SeaTurtleID2022_137
15056,cluster_SeaTurtleID2022_128
15057,cluster_SeaTurtleID2022_132
15058,cluster_SeaTurtleID2022_102
15059,cluster_SeaTurtleID2022_72
15060,cluster_SeaTurtleID2022_110
15061,cluster_SeaTurtleID2022_85
15062,cluster_SeaTurtleID2022_50
15063,cluster_SeaTurtleID2022_41
15064,cluster_SeaTurtleID2022_53
15065,cluster_SeaTurtleID2022_noise_15065
15066,cluster_SeaTurtleID2022_48
15067,cluster_SeaTurtleID2022_94
15068,cluster_SeaTurtleID2022_137
15069,cluster_SeaTurtleID2022_126
15070,cluster_SeaTurtleID2022_87
15071,cluster_SeaTurtleID2022_noise_15071
15072,cluster_SeaTurtleID2022_15
15073,cluster_SeaTurtleID2022_70
15074,cluster_SeaTurtleID2022_130
15075,cluster_SeaTurtleID2022_noise_15075
15076,cluster_SeaTurtleID2022_49
15077,cluster_SeaTurtleID2022_126
15078,cluster_SeaTurtleID2022_noise_15078
15079,cluster_SeaTurtleID2022_39
15080,cluster_SeaTurtleID2022_74
15081,cluster_SeaTurtleID2022_106
15082,cluster_SeaTurtleID2022_103
15083,cluster_SeaTurtleID2022_3
15084,cluster_SeaTurtleID2022_64
15085,cluster_SeaTurtleID2022_109
15086,cluster_SeaTurtleID2022_11
15087,cluster_SeaTurtleID2022_17
15088,cluster_SeaTurtleID2022_59
15089,cluster_SeaTurtleID2022_85
15090,cluster_SeaTurtleID2022_75
15091,cluster_SeaTurtleID2022_50
15092,cluster_SeaTurtleID2022_101
15093,cluster_SeaTurtleID2022_74
15094,cluster_SeaTurtleID2022_59
15095,cluster_SeaTurtleID2022_37
15096,cluster_SeaTurtleID2022_9
15097,cluster_SeaTurtleID2022_122
15098,cluster_SeaTurtleID2022_66
15099,cluster_SeaTurtleID2022_79
15100,cluster_SeaTurtleID2022_92
15101,cluster_SeaTurtleID2022_123
15102,cluster_SeaTurtleID2022_40
15103,cluster_SeaTurtleID2022_10
15104,cluster_SeaTurtleID2022_20
15105,cluster_SeaTurtleID2022_63
15106,cluster_SeaTurtleID2022_133
15107,cluster_SeaTurtleID2022_40
15108,cluster_SeaTurtleID2022_1
15109,cluster_SeaTurtleID2022_68
15110,cluster_SeaTurtleID2022_13
15111,cluster_SeaTurtleID2022_53
15112,cluster_SeaTurtleID2022_28
15113,cluster_SeaTurtleID2022_noise_15113
15114,cluster_SeaTurtleID2022_noise_15114
15115,cluster_SeaTurtleID2022_noise_15115
15116,cluster_SeaTurtleID2022_78
15117,cluster_SeaTurtleID2022_65
15118,cluster_SeaTurtleID2022_12
15119,cluster_SeaTurtleID2022_10
15120,cluster_SeaTurtleID2022_83
15121,cluster_SeaTurtleID2022_33
15122,cluster_SeaTurtleID2022_136
15123,cluster_SeaTurtleID2022_49
15124,cluster_SeaTurtleID2022_29
15125,cluster_SeaTurtleID2022_104
15126,cluster_SeaTurtleID2022_130
15127,cluster_SeaTurtleID2022_49
15128,cluster_SeaTurtleID2022_111
15129,cluster_SeaTurtleID2022_40
15130,cluster_SeaTurtleID2022_82
15131,cluster_SeaTurtleID2022_114
15132,cluster_SeaTurtleID2022_45
15133,cluster_SeaTurtleID2022_47
15134,cluster_SeaTurtleID2022_82
15135,cluster_SeaTurtleID2022_37
15136,cluster_SeaTurtleID2022_30
15137,cluster_SeaTurtleID2022_noise_15137
15138,cluster_SeaTurtleID2022_116
15139,cluster_SeaTurtleID2022_97
15140,cluster_SeaTurtleID2022_92
15141,cluster_SeaTurtleID2022_115
15142,cluster_SeaTurtleID2022_134
15143,cluster_SeaTurtleID2022_2
15144,cluster_SeaTurtleID2022_30
15145,cluster_SeaTurtleID2022_noise_15145
15146,cluster_SeaTurtleID2022_110
15147,cluster_SeaTurtleID2022_55
15148,cluster_SeaTurtleID2022_51
15149,cluster_SeaTurtleID2022_77
15150,cluster_SeaTurtleID2022_noise_15150
15151,cluster_SeaTurtleID2022_83
15152,cluster_SeaTurtleID2022_91
15153,cluster_SeaTurtleID2022_6
15154,cluster_SeaTurtleID2022_noise_15154
15155,cluster_SeaTurtleID2022_104
15156,cluster_SeaTurtleID2022_26
15157,cluster_SeaTurtleID2022_65
15158,cluster_SeaTurtleID2022_112
15159,cluster_SeaTurtleID2022_98
15160,cluster_SeaTurtleID2022_21
15161,cluster_SeaTurtleID2022_52
15162,cluster_SeaTurtleID2022_84
15163,cluster_SeaTurtleID2022_98
15164,cluster_SeaTurtleID2022_87
15165,cluster_SeaTurtleID2022_135
15166,cluster_SeaTurtleID2022_135
15167,cluster_SeaTurtleID2022_115
15168,cluster_SeaTurtleID2022_107
15169,cluster_SeaTurtleID2022_117
15170,cluster_SeaTurtleID2022_125
15171,cluster_SeaTurtleID2022_128
15172,cluster_SeaTurtleID2022_noise_15172
15173,cluster_SeaTurtleID2022_88
15174,cluster_SeaTurtleID2022_104
15175,cluster_SeaTurtleID2022_73
15176,cluster_SeaTurtleID2022_2
15177,cluster_SeaTurtleID2022_61
15178,cluster_SeaTurtleID2022_68
15179,cluster_SeaTurtleID2022_58
15180,cluster_SeaTurtleID2022_95
15181,cluster_SeaTurtleID2022_45
15182,cluster_SeaTurtleID2022_55
15183,cluster_SeaTurtleID2022_10
15184,cluster_SeaTurtleID2022_0
15185,cluster_SeaTurtleID2022_110
15186,cluster_SeaTurtleID2022_96
15187,cluster_SeaTurtleID2022_noise_15187
15188,cluster_SeaTurtleID2022_17
15189,cluster_SeaTurtleID2022_31
15190,cluster_SeaTurtleID2022_68
15191,cluster_SeaTurtleID2022_117
15192,cluster_SeaTurtleID2022_25
15193,cluster_SeaTurtleID2022_82
15194,cluster_SeaTurtleID2022_43
15195,cluster_SeaTurtleID2022_52
15196,cluster_SeaTurtleID2022_30
15197,cluster_SeaTurtleID2022_27
15198,cluster_SeaTurtleID2022_107
15199,cluster_SeaTurtleID2022_105
15200,cluster_SeaTurtleID2022_17
15201,cluster_SeaTurtleID2022_128
15202,cluster_SeaTurtleID2022_37
15203,cluster_SeaTurtleID2022_120
15204,cluster_SeaTurtleID2022_noise_15204
15205,cluster_SeaTurtleID2022_131
15206,cluster_SeaTurtleID2022_72
15207,cluster_SeaTurtleID2022_38
15208,cluster_SeaTurtleID2022_92
15209,cluster_TexasHornedLizards_56
15210,cluster_TexasHornedLizards_48
15211,cluster_TexasHornedLizards_5
15212,cluster_TexasHornedLizards_30
15213,cluster_TexasHornedLizards_1
15214,cluster_TexasHornedLizards_52
15215,cluster_TexasHornedLizards_22
15216,cluster_TexasHornedLizards_44
15217,cluster_TexasHornedLizards_55
15218,cluster_TexasHornedLizards_noise_15218
15219,cluster_TexasHornedLizards_58
15220,cluster_TexasHornedLizards_44
15221,cluster_TexasHornedLizards_noise_15221
15222,cluster_TexasHornedLizards_45
15223,cluster_TexasHornedLizards_49
15224,cluster_TexasHornedLizards_47
15225,cluster_TexasHornedLizards_33
15226,cluster_TexasHornedLizards_57
15227,cluster_TexasHornedLizards_52
15228,cluster_TexasHornedLizards_16
15229,cluster_TexasHornedLizards_61
15230,cluster_TexasHornedLizards_56
15231,cluster_TexasHornedLizards_18
15232,cluster_TexasHornedLizards_51
15233,cluster_TexasHornedLizards_6
15234,cluster_TexasHornedLizards_21
15235,cluster_TexasHornedLizards_27
15236,cluster_TexasHornedLizards_1
15237,cluster_TexasHornedLizards_16
15238,cluster_TexasHornedLizards_16
15239,cluster_TexasHornedLizards_noise_15239
15240,cluster_TexasHornedLizards_25
15241,cluster_TexasHornedLizards_26
15242,cluster_TexasHornedLizards_noise_15242
15243,cluster_TexasHornedLizards_53
15244,cluster_TexasHornedLizards_53
15245,cluster_TexasHornedLizards_4
15246,cluster_TexasHornedLizards_11
15247,cluster_TexasHornedLizards_51
15248,cluster_TexasHornedLizards_27
15249,cluster_TexasHornedLizards_57
15250,cluster_TexasHornedLizards_1
15251,cluster_TexasHornedLizards_42
15252,cluster_TexasHornedLizards_noise_15252
15253,cluster_TexasHornedLizards_noise_15253
15254,cluster_TexasHornedLizards_20
15255,cluster_TexasHornedLizards_18
15256,cluster_TexasHornedLizards_26
15257,cluster_TexasHornedLizards_61
15258,cluster_TexasHornedLizards_40
15259,cluster_TexasHornedLizards_28
15260,cluster_TexasHornedLizards_23
15261,cluster_TexasHornedLizards_23
15262,cluster_TexasHornedLizards_12
15263,cluster_TexasHornedLizards_57
15264,cluster_TexasHornedLizards_52
15265,cluster_TexasHornedLizards_47
15266,cluster_TexasHornedLizards_52
15267,cluster_TexasHornedLizards_55
15268,cluster_TexasHornedLizards_46
15269,cluster_TexasHornedLizards_noise_15269
15270,cluster_TexasHornedLizards_54
15271,cluster_TexasHornedLizards_31
15272,cluster_TexasHornedLizards_57
15273,cluster_TexasHornedLizards_34
15274,cluster_TexasHornedLizards_54
15275,cluster_TexasHornedLizards_34
15276,cluster_TexasHornedLizards_noise_15276
15277,cluster_TexasHornedLizards_noise_15277
15278,cluster_TexasHornedLizards_6
15279,cluster_TexasHornedLizards_noise_15279
15280,cluster_TexasHornedLizards_24
15281,cluster_TexasHornedLizards_56
15282,cluster_TexasHornedLizards_45
15283,cluster_TexasHornedLizards_13
15284,cluster_TexasHornedLizards_37
15285,cluster_TexasHornedLizards_41
15286,cluster_TexasHornedLizards_17
15287,cluster_TexasHornedLizards_18
15288,cluster_TexasHornedLizards_32
15289,cluster_TexasHornedLizards_53
15290,cluster_TexasHornedLizards_40
15291,cluster_TexasHornedLizards_44
15292,cluster_TexasHornedLizards_44
15293,cluster_TexasHornedLizards_39
15294,cluster_TexasHornedLizards_51
15295,cluster_TexasHornedLizards_0
15296,cluster_TexasHornedLizards_43
15297,cluster_TexasHornedLizards_59
15298,cluster_TexasHornedLizards_56
15299,cluster_TexasHornedLizards_20
15300,cluster_TexasHornedLizards_51
15301,cluster_TexasHornedLizards_48
15302,cluster_TexasHornedLizards_58
15303,cluster_TexasHornedLizards_5
15304,cluster_TexasHornedLizards_9
15305,cluster_TexasHornedLizards_42
15306,cluster_TexasHornedLizards_16
15307,cluster_TexasHornedLizards_31
15308,cluster_TexasHornedLizards_33
15309,cluster_TexasHornedLizards_60
15310,cluster_TexasHornedLizards_noise_15310
15311,cluster_TexasHornedLizards_44
15312,cluster_TexasHornedLizards_50
15313,cluster_TexasHornedLizards_38
15314,cluster_TexasHornedLizards_noise_15314
15315,cluster_TexasHornedLizards_44
15316,cluster_TexasHornedLizards_35
15317,cluster_TexasHornedLizards_38
15318,cluster_TexasHornedLizards_noise_15318
15319,cluster_TexasHornedLizards_57
15320,cluster_TexasHornedLizards_33
15321,cluster_TexasHornedLizards_57
15322,cluster_TexasHornedLizards_14
15323,cluster_TexasHornedLizards_38
15324,cluster_TexasHornedLizards_27
15325,cluster_TexasHornedLizards_5
15326,cluster_TexasHornedLizards_9
15327,cluster_TexasHornedLizards_25
15328,cluster_TexasHornedLizards_noise_15328
15329,cluster_TexasHornedLizards_28
15330,cluster_TexasHornedLizards_noise_15330
15331,cluster_TexasHornedLizards_11
15332,cluster_TexasHornedLizards_19
15333,cluster_TexasHornedLizards_4
15334,cluster_TexasHornedLizards_19
15335,cluster_TexasHornedLizards_61
15336,cluster_TexasHornedLizards_noise_15336
15337,cluster_TexasHornedLizards_3
15338,cluster_TexasHornedLizards_60
15339,cluster_TexasHornedLizards_8
15340,cluster_TexasHornedLizards_30
15341,cluster_TexasHornedLizards_noise_15341
15342,cluster_TexasHornedLizards_18
15343,cluster_TexasHornedLizards_29
15344,cluster_TexasHornedLizards_50
15345,cluster_TexasHornedLizards_noise_15345
15346,cluster_TexasHornedLizards_50
15347,cluster_TexasHornedLizards_56
15348,cluster_TexasHornedLizards_17
15349,cluster_TexasHornedLizards_26
15350,cluster_TexasHornedLizards_0
15351,cluster_TexasHornedLizards_26
15352,cluster_TexasHornedLizards_17
15353,cluster_TexasHornedLizards_noise_15353
15354,cluster_TexasHornedLizards_61
15355,cluster_TexasHornedLizards_40
15356,cluster_TexasHornedLizards_29
15357,cluster_TexasHornedLizards_14
15358,cluster_TexasHornedLizards_19
15359,cluster_TexasHornedLizards_42
15360,cluster_TexasHornedLizards_noise_15360
15361,cluster_TexasHornedLizards_29
15362,cluster_TexasHornedLizards_23
15363,cluster_TexasHornedLizards_11
15364,cluster_TexasHornedLizards_61
15365,cluster_TexasHornedLizards_54
15366,cluster_TexasHornedLizards_7
15367,cluster_TexasHornedLizards_25
15368,cluster_TexasHornedLizards_24
15369,cluster_TexasHornedLizards_9
15370,cluster_TexasHornedLizards_51
15371,cluster_TexasHornedLizards_22
15372,cluster_TexasHornedLizards_56
15373,cluster_TexasHornedLizards_52
15374,cluster_TexasHornedLizards_60
15375,cluster_TexasHornedLizards_39
15376,cluster_TexasHornedLizards_58
15377,cluster_TexasHornedLizards_32
15378,cluster_TexasHornedLizards_20
15379,cluster_TexasHornedLizards_36
15380,cluster_TexasHornedLizards_44
15381,cluster_TexasHornedLizards_22
15382,cluster_TexasHornedLizards_35
15383,cluster_TexasHornedLizards_11
15384,cluster_TexasHornedLizards_33
15385,cluster_TexasHornedLizards_3
15386,cluster_TexasHornedLizards_41
15387,cluster_TexasHornedLizards_60
15388,cluster_TexasHornedLizards_20
15389,cluster_TexasHornedLizards_46
15390,cluster_TexasHornedLizards_40
15391,cluster_TexasHornedLizards_1
15392,cluster_TexasHornedLizards_10
15393,cluster_TexasHornedLizards_62
15394,cluster_TexasHornedLizards_57
15395,cluster_TexasHornedLizards_44
15396,cluster_TexasHornedLizards_24
15397,cluster_TexasHornedLizards_8
15398,cluster_TexasHornedLizards_21
15399,cluster_TexasHornedLizards_12
15400,cluster_TexasHornedLizards_49
15401,cluster_TexasHornedLizards_noise_15401
15402,cluster_TexasHornedLizards_26
15403,cluster_TexasHornedLizards_noise_15403
15404,cluster_TexasHornedLizards_2
15405,cluster_TexasHornedLizards_29
15406,cluster_TexasHornedLizards_37
15407,cluster_TexasHornedLizards_37
15408,cluster_TexasHornedLizards_40
15409,cluster_TexasHornedLizards_19
15410,cluster_TexasHornedLizards_60
15411,cluster_TexasHornedLizards_19
15412,cluster_TexasHornedLizards_21
15413,cluster_TexasHornedLizards_37
15414,cluster_TexasHornedLizards_50
15415,cluster_TexasHornedLizards_48
15416,cluster_TexasHornedLizards_noise_15416
15417,cluster_TexasHornedLizards_21
15418,cluster_TexasHornedLizards_44
15419,cluster_TexasHornedLizards_noise_15419
15420,cluster_TexasHornedLizards_noise_15420
15421,cluster_TexasHornedLizards_39
15422,cluster_TexasHornedLizards_21
15423,cluster_TexasHornedLizards_33
15424,cluster_TexasHornedLizards_23
15425,cluster_TexasHornedLizards_22
15426,cluster_TexasHornedLizards_48
15427,cluster_TexasHornedLizards_8
15428,cluster_TexasHornedLizards_noise_15428
15429,cluster_TexasHornedLizards_33
15430,cluster_TexasHornedLizards_13
15431,cluster_TexasHornedLizards_noise_15431
15432,cluster_TexasHornedLizards_58
15433,cluster_TexasHornedLizards_noise_15433
15434,cluster_TexasHornedLizards_noise_15434
15435,cluster_TexasHornedLizards_33
15436,cluster_TexasHornedLizards_26
15437,cluster_TexasHornedLizards_26
15438,cluster_TexasHornedLizards_54
15439,cluster_TexasHornedLizards_25
15440,cluster_TexasHornedLizards_10
15441,cluster_TexasHornedLizards_7
15442,cluster_TexasHornedLizards_noise_15442
15443,cluster_TexasHornedLizards_43
15444,cluster_TexasHornedLizards_noise_15444
15445,cluster_TexasHornedLizards_47
15446,cluster_TexasHornedLizards_38
15447,cluster_TexasHornedLizards_16
15448,cluster_TexasHornedLizards_46
15449,cluster_TexasHornedLizards_26
15450,cluster_TexasHornedLizards_47
15451,cluster_TexasHornedLizards_26
15452,cluster_TexasHornedLizards_3
15453,cluster_TexasHornedLizards_noise_15453
15454,cluster_TexasHornedLizards_33
15455,cluster_TexasHornedLizards_20
15456,cluster_TexasHornedLizards_60
15457,cluster_TexasHornedLizards_33
15458,cluster_TexasHornedLizards_12
15459,cluster_TexasHornedLizards_40
15460,cluster_TexasHornedLizards_noise_15460
15461,cluster_TexasHornedLizards_noise_15461
15462,cluster_TexasHornedLizards_16
15463,cluster_TexasHornedLizards_noise_15463
15464,cluster_TexasHornedLizards_62
15465,cluster_TexasHornedLizards_47
15466,cluster_TexasHornedLizards_noise_15466
15467,cluster_TexasHornedLizards_57
15468,cluster_TexasHornedLizards_36
15469,cluster_TexasHornedLizards_44
15470,cluster_TexasHornedLizards_47
15471,cluster_TexasHornedLizards_51
15472,cluster_TexasHornedLizards_22
15473,cluster_TexasHornedLizards_2
15474,cluster_TexasHornedLizards_48
15475,cluster_TexasHornedLizards_noise_15475
15476,cluster_TexasHornedLizards_59
15477,cluster_TexasHornedLizards_20
15478,cluster_TexasHornedLizards_15
15479,cluster_TexasHornedLizards_15
15480,cluster_TexasHornedLizards_3
15481,cluster_TexasHornedLizards_48
15482,cluster_TexasHornedLizards_20
